timestamp,ax,ay,az,gx,gy,gz,accel_freq,gyro_freq
2025-05-20T16:55:22.218698,-0.7139584422111511,1.7321045398712158,7.425527095794678,0.6752246022224426,1.097190022468567,-0.48308318853378296,16.61,16.61
2025-05-20T16:55:22.258180,-0.7139584422111511,1.7321045398712158,7.425527095794678,0.6752246022224426,1.097190022468567,-0.48308318853378296,25.33,25.33
2025-05-20T16:55:22.308983,-1.7488542795181274,0.5823532342910767,10.261919021606445,0.09014534205198288,0.5348801612854004,-0.3242303133010864,19.69,19.69
2025-05-20T16:55:22.358675,-1.7488542795181274,0.5823532342910767,10.261919021606445,0.09014534205198288,0.5348801612854004,-0.3242303133010864,20.12,20.12
2025-05-20T16:55:22.410882,-1.7488542795181274,0.5823532342910767,10.261919021606445,0.09014534205198288,0.5348801612854004,-0.3242303133010864,19.16,19.16
2025-05-20T16:55:22.458826,-1.7488542795181274,0.5823532342910767,10.261919021606445,0.09014534205198288,0.5348801612854004,-0.3242303133010864,20.86,20.86
2025-05-20T16:55:22.508317,-0.86470627784729,0.23958136141300201,10.228419303894043,-0.3267602324485779,-0.23501703143119812,-0.7015891075134277,20.20,20.20
2025-05-20T16:55:22.557938,-0.86470627784729,0.23958136141300201,10.228419303894043,-0.3267602324485779,-0.23501703143119812,-0.7015891075134277,20.16,20.16
2025-05-20T16:55:22.612624,-0.86470627784729,0.23958136141300201,10.228419303894043,-0.3267602324485779,-0.23501703143119812,-0.7015891075134277,18.28,18.28
2025-05-20T16:55:22.657203,-0.86470627784729,0.23958136141300201,10.228419303894043,-0.3267602324485779,-0.23501703143119812,-0.7015891075134277,22.44,22.44
2025-05-20T16:55:22.713446,0.014356935396790504,-0.40707895159721375,10.657033920288086,0.05459319427609444,-0.3009283244609833,-1.021824836730957,17.78,17.78
2025-05-20T16:55:22.762203,0.014356935396790504,-0.40707895159721375,10.657033920288086,0.05459319427609444,-0.3009283244609833,-1.021824836730957,20.51,20.51
2025-05-20T16:55:22.807167,0.014356935396790504,-0.40707895159721375,10.657033920288086,0.05459319427609444,-0.3009283244609833,-1.021824836730957,22.24,22.24
2025-05-20T16:55:22.857288,0.014356935396790504,-0.40707895159721375,10.657033920288086,0.05459319427609444,-0.3009283244609833,-1.021824836730957,19.95,19.95
2025-05-20T16:55:22.907367,7.948059558868408,1.2242279052734375,2.7400810718536377,1.1873353719711304,-2.4818596839904785,-0.8904016613960266,19.98,19.98
2025-05-20T16:55:22.960222,7.948059558868408,1.2242279052734375,2.7400810718536377,1.1873353719711304,-2.4818596839904785,-0.8904016613960266,18.92,18.92
2025-05-20T16:55:23.007731,7.948059558868408,1.2242279052734375,2.7400810718536377,1.1873353719711304,-2.4818596839904785,-0.8904016613960266,21.05,21.05
2025-05-20T16:55:23.057623,7.948059558868408,1.2242279052734375,2.7400810718536377,1.1873353719711304,-2.4818596839904785,-0.8904016613960266,20.04,20.04
2025-05-20T16:55:23.113052,9.423832893371582,-4.100998878479004,2.4574289321899414,-0.11397993564605713,-3.395829677581787,-0.12423279881477356,18.04,18.04
2025-05-20T16:55:23.157860,9.423832893371582,-4.100998878479004,2.4574289321899414,-0.11397993564605713,-3.395829677581787,-0.12423279881477356,22.31,22.31
2025-05-20T16:55:23.207415,9.423832893371582,-4.100998878479004,2.4574289321899414,-0.11397993564605713,-3.395829677581787,-0.12423279881477356,20.18,20.18
2025-05-20T16:55:23.257978,9.423832893371582,-4.100998878479004,2.4574289321899414,-0.11397993564605713,-3.395829677581787,-0.12423279881477356,19.78,19.78
2025-05-20T16:55:23.307238,8.81067180633545,-3.4229328632354736,9.43310546875,-2.2811965942382812,-1.1248860359191895,2.645639419555664,20.30,20.30
2025-05-20T16:55:23.358401,8.81067180633545,-3.4229328632354736,9.43310546875,-2.2811965942382812,-1.1248860359191895,2.645639419555664,19.54,19.54
2025-05-20T16:55:23.407970,8.81067180633545,-3.4229328632354736,9.43310546875,-2.2811965942382812,-1.1248860359191895,2.645639419555664,20.18,20.18
2025-05-20T16:55:23.459213,8.81067180633545,-3.4229328632354736,9.43310546875,-2.2811965942382812,-1.1248860359191895,2.645639419555664,19.51,19.51
2025-05-20T16:55:23.507232,8.911170959472656,-2.546262502670288,-0.8027920126914978,-0.9886693954467773,-0.3005288541316986,2.086258888244629,20.82,20.82
2025-05-20T16:55:23.557037,8.911170959472656,-2.546262502670288,-0.8027920126914978,-0.9886693954467773,-0.3005288541316986,2.086258888244629,20.08,20.08
2025-05-20T16:55:23.607667,8.911170959472656,-2.546262502670288,-0.8027920126914978,-0.9886693954467773,-0.3005288541316986,2.086258888244629,19.75,19.75
2025-05-20T16:55:23.657521,8.911170959472656,-2.546262502670288,-0.8027920126914978,-0.9886693954467773,-0.3005288541316986,2.086258888244629,20.06,20.06
2025-05-20T16:55:23.707311,16.140785217285156,-9.517152786254883,5.030012130737305,0.44300377368927,-0.04181039705872536,0.11970555782318115,20.08,20.08
2025-05-20T16:55:23.757248,16.140785217285156,-9.517152786254883,5.030012130737305,0.44300377368927,-0.04181039705872536,0.11970555782318115,20.03,20.03
2025-05-20T16:55:23.807081,16.140785217285156,-9.517152786254883,5.030012130737305,0.44300377368927,-0.04181039705872536,0.11970555782318115,20.07,20.07
2025-05-20T16:55:23.857643,16.140785217285156,-9.517152786254883,5.030012130737305,0.44300377368927,-0.04181039705872536,0.11970555782318115,19.77,19.77
2025-05-20T16:55:23.907699,6.985247611999512,-6.963712215423584,1.7602201700210571,0.07523208111524582,0.6958634853363037,-2.4746694564819336,19.99,19.99
2025-05-20T16:55:23.957301,6.985247611999512,-6.963712215423584,1.7602201700210571,0.07523208111524582,0.6958634853363037,-2.4746694564819336,20.16,20.16
2025-05-20T16:55:24.007625,6.985247611999512,-6.963712215423584,1.7602201700210571,0.07523208111524582,0.6958634853363037,-2.4746694564819336,19.88,19.88
2025-05-20T16:55:24.060848,6.985247611999512,-6.963712215423584,1.7602201700210571,0.07523208111524582,0.6958634853363037,-2.4746694564819336,18.77,18.77
2025-05-20T16:55:24.108087,3.4112677574157715,-1.8586249351501465,-0.18963119387626648,0.7196980714797974,-0.01491326279938221,-1.967352271080017,21.17,21.17
2025-05-20T16:55:24.157767,3.4112677574157715,-1.8586249351501465,-0.18963119387626648,0.7196980714797974,-0.01491326279938221,-1.967352271080017,20.13,20.13
2025-05-20T16:55:24.207139,3.4112677574157715,-1.8586249351501465,-0.18963119387626648,0.7196980714797974,-0.01491326279938221,-1.967352271080017,20.25,20.25
2025-05-20T16:55:24.258101,6.618547439575195,-7.485646724700928,-2.8965117931365967,-0.3588503897190094,-0.8713605999946594,0.2635120153427124,19.62,19.62
2025-05-20T16:55:24.307193,6.618547439575195,-7.485646724700928,-2.8965117931365967,-0.3588503897190094,-0.8713605999946594,0.2635120153427124,20.37,20.37
2025-05-20T16:55:24.357387,6.618547439575195,-7.485646724700928,-2.8965117931365967,-0.3588503897190094,-0.8713605999946594,0.2635120153427124,19.93,19.93
2025-05-20T16:55:24.408049,6.618547439575195,-7.485646724700928,-2.8965117931365967,-0.3588503897190094,-0.8713605999946594,0.2635120153427124,19.74,19.74
2025-05-20T16:55:24.464096,6.618547439575195,-7.485646724700928,-2.8965117931365967,-0.3588503897190094,-0.8713605999946594,0.2635120153427124,17.84,17.84
2025-05-20T16:55:24.506969,12.621840476989746,-1.2693923711776733,-2.8582265377044678,-0.9978570342063904,-0.4371449947357178,2.975994825363159,23.32,23.32
2025-05-20T16:55:24.556971,12.621840476989746,-1.2693923711776733,-2.8582265377044678,-0.9978570342063904,-0.4371449947357178,2.975994825363159,20.00,20.00
2025-05-20T16:55:24.607574,12.621840476989746,-1.2693923711776733,-2.8582265377044678,-0.9978570342063904,-0.4371449947357178,2.975994825363159,19.76,19.76
2025-05-20T16:55:24.657099,12.621840476989746,-1.2693923711776733,-2.8582265377044678,-0.9978570342063904,-0.4371449947357178,2.975994825363159,20.19,20.19
2025-05-20T16:55:24.707445,16.28226089477539,-7.068996429443359,2.5986053943634033,0.3712337017059326,0.09880036115646362,0.7821473479270935,19.86,19.86
2025-05-20T16:55:24.757540,16.28226089477539,-7.068996429443359,2.5986053943634033,0.3712337017059326,0.09880036115646362,0.7821473479270935,19.96,19.96
2025-05-20T16:55:24.807495,16.28226089477539,-7.068996429443359,2.5986053943634033,0.3712337017059326,0.09880036115646362,0.7821473479270935,20.02,20.02
2025-05-20T16:55:24.857352,16.28226089477539,-7.068996429443359,2.5986053943634033,0.3712337017059326,0.09880036115646362,0.7821473479270935,20.05,20.05
2025-05-20T16:55:24.907516,6.264110565185547,-3.6003007888793945,1.8658034801483154,0.680550754070282,-0.2888112962245941,-1.5692213773727417,19.94,19.94
2025-05-20T16:55:24.957210,6.264110565185547,-3.6003007888793945,1.8658034801483154,0.680550754070282,-0.2888112962245941,-1.5692213773727417,20.12,20.12
2025-05-20T16:55:25.007181,6.264110565185547,-3.6003007888793945,1.8658034801483154,0.680550754070282,-0.2888112962245941,-1.5692213773727417,20.01,20.01
2025-05-20T16:55:25.057486,6.264110565185547,-3.6003007888793945,1.8658034801483154,0.680550754070282,-0.2888112962245941,-1.5692213773727417,19.88,19.88
2025-05-20T16:55:25.107061,4.235296249389648,-1.669592022895813,-0.48903313279151917,1.6469833850860596,-0.8187647461891174,-2.1013052463531494,20.17,20.17
2025-05-20T16:55:25.160085,4.235296249389648,-1.669592022895813,-0.48903313279151917,1.6469833850860596,-0.8187647461891174,-2.1013052463531494,18.86,18.86
2025-05-20T16:55:25.207681,4.235296249389648,-1.669592022895813,-0.48903313279151917,1.6469833850860596,-0.8187647461891174,-2.1013052463531494,21.01,21.01
2025-05-20T16:55:25.263692,4.235296249389648,-1.669592022895813,-0.48903313279151917,1.6469833850860596,-0.8187647461891174,-2.1013052463531494,17.85,17.85
2025-05-20T16:55:25.308398,16.406686782836914,-6.067600250244141,2.292025089263916,-1.3963873386383057,0.8696296215057373,-0.6379414200782776,22.38,22.38
2025-05-20T16:55:25.357536,16.406686782836914,-6.067600250244141,2.292025089263916,-1.3963873386383057,0.8696296215057373,-0.6379414200782776,20.34,20.34
2025-05-20T16:55:25.407277,16.406686782836914,-6.067600250244141,2.292025089263916,-1.3963873386383057,0.8696296215057373,-0.6379414200782776,20.10,20.10
2025-05-20T16:55:25.457456,16.406686782836914,-6.067600250244141,2.292025089263916,-1.3963873386383057,0.8696296215057373,-0.6379414200782776,19.93,19.93
2025-05-20T16:55:25.507466,8.156534194946289,-0.44297128915786743,1.85383939743042,-2.1561648845672607,-0.272433340549469,2.920602560043335,19.99,19.99
2025-05-20T16:55:25.557246,8.156534194946289,-0.44297128915786743,1.85383939743042,-2.1561648845672607,-0.272433340549469,2.920602560043335,20.09,20.09
2025-05-20T16:55:25.607579,8.156534194946289,-0.44297128915786743,1.85383939743042,-2.1561648845672607,-0.272433340549469,2.920602560043335,19.87,19.87
2025-05-20T16:55:25.657338,8.156534194946289,-0.44297128915786743,1.85383939743042,-2.1561648845672607,-0.272433340549469,2.920602560043335,20.11,20.11
2025-05-20T16:55:25.707318,7.677371501922607,-1.7413766384124756,4.6061835289001465,0.205190509557724,1.3179595470428467,0.5533885359764099,20.00,20.00
2025-05-20T16:55:25.757195,7.677371501922607,-1.7413766384124756,4.6061835289001465,0.205190509557724,1.3179595470428467,0.5533885359764099,20.05,20.05
2025-05-20T16:55:25.807174,7.677371501922607,-1.7413766384124756,4.6061835289001465,0.205190509557724,1.3179595470428467,0.5533885359764099,20.00,20.00
2025-05-20T16:55:25.857868,7.677371501922607,-1.7413766384124756,4.6061835289001465,0.205190509557724,1.3179595470428467,0.5533885359764099,19.73,19.73
2025-05-20T16:55:25.907329,12.406187057495117,-6.649653911590576,5.327320575714111,0.8652355074882507,-1.1106386184692383,0.3509942889213562,20.22,20.22
2025-05-20T16:55:25.957474,12.406187057495117,-6.649653911590576,5.327320575714111,0.8652355074882507,-1.1106386184692383,0.3509942889213562,19.94,19.94
2025-05-20T16:55:26.007250,12.406187057495117,-6.649653911590576,5.327320575714111,0.8652355074882507,-1.1106386184692383,0.3509942889213562,20.09,20.09
2025-05-20T16:55:26.064312,12.406187057495117,-6.649653911590576,5.327320575714111,0.8652355074882507,-1.1106386184692383,0.3509942889213562,17.53,17.53
2025-05-20T16:55:26.107624,3.7872400283813477,-3.5620155334472656,0.8979067206382751,1.2527140378952026,0.4585828185081482,-2.266948938369751,23.08,23.08
2025-05-20T16:55:26.157117,3.7872400283813477,-3.5620155334472656,0.8979067206382751,1.2527140378952026,0.4585828185081482,-2.266948938369751,20.21,20.21
2025-05-20T16:55:26.208770,3.7872400283813477,-3.5620155334472656,0.8979067206382751,1.2527140378952026,0.4585828185081482,-2.266948938369751,19.36,19.36
2025-05-20T16:55:26.257326,3.7872400283813477,-3.5620155334472656,0.8979067206382751,1.2527140378952026,0.4585828185081482,-2.266948938369751,20.60,20.60
2025-05-20T16:55:26.308075,8.223533630371094,-5.851946830749512,-0.7262216806411743,1.2808095216751099,-0.4648410677909851,-0.9781502485275269,19.70,19.70
2025-05-20T16:55:26.357649,8.223533630371094,-5.851946830749512,-0.7262216806411743,1.2808095216751099,-0.4648410677909851,-0.9781502485275269,20.17,20.17
2025-05-20T16:55:26.407412,8.223533630371094,-5.851946830749512,-0.7262216806411743,1.2808095216751099,-0.4648410677909851,-0.9781502485275269,20.10,20.10
2025-05-20T16:55:26.466061,18.028423309326172,-6.453442573547363,0.8691928386688232,-1.5760122537612915,-1.5251474380493164,2.6850528717041016,17.05,17.05
2025-05-20T16:55:26.507539,18.028423309326172,-6.453442573547363,0.8691928386688232,-1.5760122537612915,-1.5251474380493164,2.6850528717041016,24.12,24.12
2025-05-20T16:55:26.557161,18.028423309326172,-6.453442573547363,0.8691928386688232,-1.5760122537612915,-1.5251474380493164,2.6850528717041016,20.15,20.15
2025-05-20T16:55:26.607041,18.028423309326172,-6.453442573547363,0.8691928386688232,-1.5760122537612915,-1.5251474380493164,2.6850528717041016,20.05,20.05
2025-05-20T16:55:26.657421,18.028423309326172,-6.453442573547363,0.8691928386688232,-1.5760122537612915,-1.5251474380493164,2.6850528717041016,19.85,19.85
2025-05-20T16:55:26.707413,6.352644920349121,-1.077966570854187,2.105085611343384,-1.7220823764801025,1.432605266571045,2.1127564907073975,20.00,20.00
2025-05-20T16:55:26.757749,6.352644920349121,-1.077966570854187,2.105085611343384,-1.7220823764801025,1.432605266571045,2.1127564907073975,19.87,19.87
2025-05-20T16:55:26.807523,6.352644920349121,-1.077966570854187,2.105085611343384,-1.7220823764801025,1.432605266571045,2.1127564907073975,20.11,20.11
2025-05-20T16:55:26.864827,6.352644920349121,-1.077966570854187,2.105085611343384,-1.7220823764801025,1.432605266571045,2.1127564907073975,17.43,17.43
2025-05-20T16:55:26.907326,13.824234008789062,-10.034601211547852,0.9170492887496948,1.001052737236023,-0.8926652669906616,0.618767261505127,23.53,23.53
2025-05-20T16:55:26.957018,13.824234008789062,-10.034601211547852,0.9170492887496948,1.001052737236023,-0.8926652669906616,0.618767261505127,20.12,20.12
2025-05-20T16:55:27.007629,13.824234008789062,-10.034601211547852,0.9170492887496948,1.001052737236023,-0.8926652669906616,0.618767261505127,19.76,19.76
2025-05-20T16:55:27.057129,13.824234008789062,-10.034601211547852,0.9170492887496948,1.001052737236023,-0.8926652669906616,0.618767261505127,20.20,20.20
2025-05-20T16:55:27.107552,8.662017822265625,-6.870092868804932,1.5565310716629028,0.7445979118347168,-0.8649691939353943,-1.6034419536590576,19.83,19.83
2025-05-20T16:55:27.157061,8.662017822265625,-6.870092868804932,1.5565310716629028,0.7445979118347168,-0.8649691939353943,-1.6034419536590576,20.21,20.21
2025-05-20T16:55:27.207472,8.662017822265625,-6.870092868804932,1.5565310716629028,0.7445979118347168,-0.8649691939353943,-1.6034419536590576,19.83,19.83
2025-05-20T16:55:27.260025,8.662017822265625,-6.870092868804932,1.5565310716629028,0.7445979118347168,-0.8649691939353943,-1.6034419536590576,19.03,19.03
2025-05-20T16:55:27.307397,2.9368906021118164,-3.739084482192993,0.37088751792907715,1.6271435022354126,-0.16697527468204498,-2.4584245681762695,21.11,21.11
2025-05-20T16:55:27.367550,2.9368906021118164,-3.739084482192993,0.37088751792907715,1.6271435022354126,-0.16697527468204498,-2.4584245681762695,16.62,16.62
2025-05-20T16:55:27.407277,2.9368906021118164,-3.739084482192993,0.37088751792907715,1.6271435022354126,-0.16697527468204498,-2.4584245681762695,25.17,25.17
2025-05-20T16:55:27.457229,2.9368906021118164,-3.739084482192993,0.37088751792907715,1.6271435022354126,-0.16697527468204498,-2.4584245681762695,20.02,20.02
2025-05-20T16:55:27.507435,14.432908058166504,-11.318649291992188,-2.9515466690063477,-0.22729410231113434,-0.8749557733535767,-0.23861220479011536,19.92,19.92
2025-05-20T16:55:27.557535,14.432908058166504,-11.318649291992188,-2.9515466690063477,-0.22729410231113434,-0.8749557733535767,-0.23861220479011536,19.98,19.98
2025-05-20T16:55:27.607607,14.432908058166504,-11.318649291992188,-2.9515466690063477,-0.22729410231113434,-0.8749557733535767,-0.23861220479011536,19.98,19.98
2025-05-20T16:55:27.660709,14.432908058166504,-11.318649291992188,-2.9515466690063477,-0.22729410231113434,-0.8749557733535767,-0.23861220479011536,18.81,18.81
2025-05-20T16:55:27.707870,10.28614616394043,-1.8924236297607422,-0.6161518096923828,-0.4609795808792114,0.7513887286186218,3.4110093116760254,21.20,21.20
2025-05-20T16:55:27.757332,10.28614616394043,-1.8924236297607422,-0.6161518096923828,-0.4609795808792114,0.7513887286186218,3.4110093116760254,20.22,20.22
2025-05-20T16:55:27.807469,10.28614616394043,-1.8924236297607422,-0.6161518096923828,-0.4609795808792114,0.7513887286186218,3.4110093116760254,19.96,19.96
2025-05-20T16:55:27.857949,10.28614616394043,-1.8924236297607422,-0.6161518096923828,-0.4609795808792114,0.7513887286186218,3.4110093116760254,19.82,19.82
2025-05-20T16:55:27.911211,8.201997756958008,-2.8935208320617676,2.557927370071411,-0.8869396448135376,1.0403331518173218,1.0585752725601196,18.76,18.76
2025-05-20T16:55:27.957474,8.201997756958008,-2.8935208320617676,2.557927370071411,-0.8869396448135376,1.0403331518173218,1.0585752725601196,21.62,21.62
2025-05-20T16:55:28.007377,8.201997756958008,-2.8935208320617676,2.557927370071411,-0.8869396448135376,1.0403331518173218,1.0585752725601196,20.04,20.04
2025-05-20T16:55:28.058777,8.201997756958008,-2.8935208320617676,2.557927370071411,-0.8869396448135376,1.0403331518173218,1.0585752725601196,19.45,19.45
2025-05-20T16:55:28.116008,11.411969184875488,-10.645368576049805,2.347059965133667,0.33661362528800964,-0.3195699155330658,-0.5753589868545532,17.47,17.47
2025-05-20T16:55:28.157858,11.411969184875488,-10.645368576049805,2.347059965133667,0.33661362528800964,-0.3195699155330658,-0.5753589868545532,23.90,23.90
2025-05-20T16:55:28.210062,11.411969184875488,-10.645368576049805,2.347059965133667,0.33661362528800964,-0.3195699155330658,-0.5753589868545532,19.15,19.15
2025-05-20T16:55:28.257441,11.411969184875488,-10.645368576049805,2.347059965133667,0.33661362528800964,-0.3195699155330658,-0.5753589868545532,21.15,21.15
2025-05-20T16:55:28.310831,6.661917209625244,-6.228218078613281,-0.5392823815345764,0.51796954870224,0.5548532605171204,-1.6299396753311157,18.69,18.69
2025-05-20T16:55:28.357721,6.661917209625244,-6.228218078613281,-0.5392823815345764,0.51796954870224,0.5548532605171204,-1.6299396753311157,21.33,21.33
2025-05-20T16:55:28.409751,6.661917209625244,-6.228218078613281,-0.5392823815345764,0.51796954870224,0.5548532605171204,-1.6299396753311157,19.22,19.22
2025-05-20T16:55:28.463113,4.244867324829102,-2.0982062816619873,-0.20398813486099243,0.18322007358074188,-0.42755791544914246,-0.7133066654205322,18.73,18.73
2025-05-20T16:55:28.518893,4.244867324829102,-2.0982062816619873,-0.20398813486099243,0.18322007358074188,-0.42755791544914246,-0.7133066654205322,17.93,17.93
2025-05-20T16:55:28.557125,4.244867324829102,-2.0982062816619873,-0.20398813486099243,0.18322007358074188,-0.42755791544914246,-0.7133066654205322,26.15,26.15
2025-05-20T16:55:28.606975,4.244867324829102,-2.0982062816619873,-0.20398813486099243,0.18322007358074188,-0.42755791544914246,-0.7133066654205322,20.06,20.06
2025-05-20T16:55:28.664877,4.244867324829102,-2.0982062816619873,-0.20398813486099243,0.18322007358074188,-0.42755791544914246,-0.7133066654205322,17.27,17.27
2025-05-20T16:55:28.707367,7.818847179412842,-8.29561710357666,3.422633647918701,-0.840735137462616,0.067242830991745,-0.17589659988880157,23.53,23.53
2025-05-20T16:55:28.760667,7.818847179412842,-8.29561710357666,3.422633647918701,-0.840735137462616,0.067242830991745,-0.17589659988880157,18.77,18.77
2025-05-20T16:55:28.807324,7.818847179412842,-8.29561710357666,3.422633647918701,-0.840735137462616,0.067242830991745,-0.17589659988880157,21.44,21.44
2025-05-20T16:55:28.860420,7.818847179412842,-8.29561710357666,3.422633647918701,-0.840735137462616,0.067242830991745,-0.17589659988880157,18.82,18.82
2025-05-20T16:55:28.907930,8.348258972167969,-1.0923235416412354,0.238983154296875,1.0712249279022217,-0.3576519787311554,1.9902547597885132,21.04,21.04
2025-05-20T16:55:28.960550,8.348258972167969,-1.0923235416412354,0.238983154296875,1.0712249279022217,-0.3576519787311554,1.9902547597885132,19.01,19.01
2025-05-20T16:55:29.007895,8.348258972167969,-1.0923235416412354,0.238983154296875,1.0712249279022217,-0.3576519787311554,1.9902547597885132,21.12,21.12
2025-05-20T16:55:29.059950,8.348258972167969,-1.0923235416412354,0.238983154296875,1.0712249279022217,-0.3576519787311554,1.9902547597885132,19.22,19.22
2025-05-20T16:55:29.107449,13.37169075012207,-8.54447078704834,1.3651052713394165,0.2270277887582779,-0.7067821025848389,-0.2802894413471222,21.04,21.04
2025-05-20T16:55:29.158519,13.37169075012207,-8.54447078704834,1.3651052713394165,0.2270277887582779,-0.7067821025848389,-0.2802894413471222,19.59,19.59
2025-05-20T16:55:29.209136,13.37169075012207,-8.54447078704834,1.3651052713394165,0.2270277887582779,-0.7067821025848389,-0.2802894413471222,19.76,19.76
2025-05-20T16:55:29.257728,13.37169075012207,-8.54447078704834,1.3651052713394165,0.2270277887582779,-0.7067821025848389,-0.2802894413471222,20.59,20.59
2025-05-20T16:55:29.320866,5.478367328643799,-3.6074793338775635,0.8069794178009033,-1.085871934890747,0.6027887463569641,-1.366827130317688,15.85,15.85
2025-05-20T16:55:29.357842,5.478367328643799,-3.6074793338775635,0.8069794178009033,-1.085871934890747,0.6027887463569641,-1.366827130317688,26.99,26.99
2025-05-20T16:55:29.407857,5.478367328643799,-3.6074793338775635,0.8069794178009033,-1.085871934890747,0.6027887463569641,-1.366827130317688,19.99,19.99
2025-05-20T16:55:29.457254,5.478367328643799,-3.6074793338775635,0.8069794178009033,-1.085871934890747,0.6027887463569641,-1.366827130317688,20.24,20.24
2025-05-20T16:55:29.507897,4.678267478942871,-2.218146562576294,1.202094316482544,-0.2948032319545746,-0.13022473454475403,-0.6808170676231384,19.75,19.75
2025-05-20T16:55:29.559597,4.678267478942871,-2.218146562576294,1.202094316482544,-0.2948032319545746,-0.13022473454475403,-0.6808170676231384,19.34,19.34
2025-05-20T16:55:29.607092,4.678267478942871,-2.218146562576294,1.202094316482544,-0.2948032319545746,-0.13022473454475403,-0.6808170676231384,21.05,21.05
2025-05-20T16:55:29.662126,4.678267478942871,-2.218146562576294,1.202094316482544,-0.2948032319545746,-0.13022473454475403,-0.6808170676231384,18.17,18.17
2025-05-20T16:55:29.707414,17.54926109313965,-8.781659126281738,0.3397808074951172,-1.0652329921722412,-0.05858781561255455,1.2588391304016113,22.08,22.08
2025-05-20T16:55:29.757534,17.54926109313965,-8.781659126281738,0.3397808074951172,-1.0652329921722412,-0.05858781561255455,1.2588391304016113,19.95,19.95
2025-05-20T16:55:29.807268,17.54926109313965,-8.781659126281738,0.3397808074951172,-1.0652329921722412,-0.05858781561255455,1.2588391304016113,20.11,20.11
2025-05-20T16:55:29.857579,17.54926109313965,-8.781659126281738,0.3397808074951172,-1.0652329921722412,-0.05858781561255455,1.2588391304016113,19.88,19.88
2025-05-20T16:55:29.908492,6.069993019104004,-0.13160525262355804,0.6176473498344421,0.549527108669281,0.07536523789167404,2.077204465866089,19.65,19.65
2025-05-20T16:55:29.958033,6.069993019104004,-0.13160525262355804,0.6176473498344421,0.549527108669281,0.07536523789167404,2.077204465866089,20.21,20.21
2025-05-20T16:55:30.009674,6.069993019104004,-0.13160525262355804,0.6176473498344421,0.549527108669281,0.07536523789167404,2.077204465866089,19.34,19.34
2025-05-20T16:55:30.057761,6.069993019104004,-0.13160525262355804,0.6176473498344421,0.549527108669281,0.07536523789167404,2.077204465866089,20.79,20.79
2025-05-20T16:55:30.125122,7.042675018310547,-2.922234535217285,1.5637096166610718,0.2034595012664795,-0.39719876646995544,-0.2780258059501648,14.84,14.84
2025-05-20T16:55:30.173741,7.042675018310547,-2.922234535217285,1.5637096166610718,0.2034595012664795,-0.39719876646995544,-0.2780258059501648,20.57,20.57
2025-05-20T16:55:30.218234,7.042675018310547,-2.922234535217285,1.5637096166610718,0.2034595012664795,-0.39719876646995544,-0.2780258059501648,22.48,22.48
2025-05-20T16:55:30.257429,7.042675018310547,-2.922234535217285,1.5637096166610718,0.2034595012664795,-0.39719876646995544,-0.2780258059501648,25.51,25.51
2025-05-20T16:55:30.316756,12.480364799499512,-7.665407180786133,0.3278166949748993,0.8058487772941589,-0.5714974999427795,-1.1050461530685425,16.85,16.85
2025-05-20T16:55:30.357808,12.480364799499512,-7.665407180786133,0.3278166949748993,0.8058487772941589,-0.5714974999427795,-1.1050461530685425,24.37,24.37
2025-05-20T16:55:30.408526,12.480364799499512,-7.665407180786133,0.3278166949748993,0.8058487772941589,-0.5714974999427795,-1.1050461530685425,19.73,19.73
2025-05-20T16:55:30.457626,12.480364799499512,-7.665407180786133,0.3278166949748993,0.8058487772941589,-0.5714974999427795,-1.1050461530685425,20.35,20.35
2025-05-20T16:55:30.519689,5.033003330230713,-5.018347263336182,0.6846463680267334,0.08441971987485886,0.5097140073776245,-1.8661551475524902,16.12,16.12
2025-05-20T16:55:30.557079,5.033003330230713,-5.018347263336182,0.6846463680267334,0.08441971987485886,0.5097140073776245,-1.8661551475524902,26.73,26.73
2025-05-20T16:55:30.607328,5.033003330230713,-5.018347263336182,0.6846463680267334,0.08441971987485886,0.5097140073776245,-1.8661551475524902,19.90,19.90
2025-05-20T16:55:30.664071,5.033003330230713,-5.018347263336182,0.6846463680267334,0.08441971987485886,0.5097140073776245,-1.8661551475524902,17.62,17.62
2025-05-20T16:55:30.707609,4.8436713218688965,-3.571586847305298,-0.31435707211494446,0.30865126848220825,-0.4227643609046936,-0.3711005449295044,22.97,22.97
2025-05-20T16:55:30.757063,4.8436713218688965,-3.571586847305298,-0.31435707211494446,0.30865126848220825,-0.4227643609046936,-0.3711005449295044,20.22,20.22
2025-05-20T16:55:30.807243,4.8436713218688965,-3.571586847305298,-0.31435707211494446,0.30865126848220825,-0.4227643609046936,-0.3711005449295044,19.94,19.94
2025-05-20T16:55:30.863373,4.8436713218688965,-3.571586847305298,-0.31435707211494446,0.30865126848220825,-0.4227643609046936,-0.3711005449295044,17.81,17.81
2025-05-20T16:55:30.907113,17.717056274414062,-7.596015453338623,3.6502509117126465,-1.5316718816757202,0.3015941083431244,1.646051287651062,22.86,22.86
2025-05-20T16:55:30.982041,17.717056274414062,-7.596015453338623,3.6502509117126465,-1.5316718816757202,0.3015941083431244,1.646051287651062,13.35,13.35
2025-05-20T16:55:31.016775,17.717056274414062,-7.596015453338623,3.6502509117126465,-1.5316718816757202,0.3015941083431244,1.646051287651062,28.78,28.78
2025-05-20T16:55:31.056984,17.717056274414062,-7.596015453338623,3.6502509117126465,-1.5316718816757202,0.3015941083431244,1.646051287651062,24.86,24.86
2025-05-20T16:55:31.112001,6.923034191131592,-1.2095718383789062,-2.017448663711548,1.0328766107559204,-0.3442034125328064,2.212888479232788,18.18,18.18
2025-05-20T16:55:31.157024,6.923034191131592,-1.2095718383789062,-2.017448663711548,1.0328766107559204,-0.3442034125328064,2.212888479232788,22.21,22.21
2025-05-20T16:55:31.207478,6.923034191131592,-1.2095718383789062,-2.017448663711548,1.0328766107559204,-0.3442034125328064,2.212888479232788,19.84,19.84
2025-05-20T16:55:31.257341,6.923034191131592,-1.2095718383789062,-2.017448663711548,1.0328766107559204,-0.3442034125328064,2.212888479232788,20.04,20.04
2025-05-20T16:55:31.307867,8.954241752624512,-4.999204635620117,1.3651052713394165,-0.61250901222229,0.06071828305721283,-0.7395380139350891,19.79,19.79
2025-05-20T16:55:31.366246,8.954241752624512,-4.999204635620117,1.3651052713394165,-0.61250901222229,0.06071828305721283,-0.7395380139350891,17.13,17.13
2025-05-20T16:55:31.407297,8.954241752624512,-4.999204635620117,1.3651052713394165,-0.61250901222229,0.06071828305721283,-0.7395380139350891,24.35,24.35
2025-05-20T16:55:31.465002,8.954241752624512,-4.999204635620117,1.3651052713394165,-0.61250901222229,0.06071828305721283,-0.7395380139350891,17.33,17.33
2025-05-20T16:55:31.508007,11.994322776794434,-9.172286987304688,0.6990033388137817,-0.01744319126009941,0.4155740439891815,-1.398384690284729,23.25,23.25
2025-05-20T16:55:31.565771,11.994322776794434,-9.172286987304688,0.6990033388137817,-0.01744319126009941,0.4155740439891815,-1.398384690284729,17.31,17.31
2025-05-20T16:55:31.607595,11.994322776794434,-9.172286987304688,0.6990033388137817,-0.01744319126009941,0.4155740439891815,-1.398384690284729,23.92,23.92
2025-05-20T16:55:31.664173,11.994322776794434,-9.172286987304688,0.6990033388137817,-0.01744319126009941,0.4155740439891815,-1.398384690284729,17.67,17.67
2025-05-20T16:55:31.707528,7.119245529174805,-3.355933666229248,1.322034478187561,-0.9945281744003296,0.41637295484542847,-0.4971975088119507,23.07,23.07
2025-05-20T16:55:31.767308,7.119245529174805,-3.355933666229248,1.322034478187561,-0.9945281744003296,0.41637295484542847,-0.4971975088119507,16.73,16.73
2025-05-20T16:55:31.807312,7.119245529174805,-3.355933666229248,1.322034478187561,-0.9945281744003296,0.41637295484542847,-0.4971975088119507,24.99,24.99
2025-05-20T16:55:31.856961,7.119245529174805,-3.355933666229248,1.322034478187561,-0.9945281744003296,0.41637295484542847,-0.4971975088119507,20.14,20.14
2025-05-20T16:55:31.907380,7.519444942474365,-4.213461399078369,1.5999010801315308,-0.8208951950073242,0.31251272559165955,0.25658801198005676,19.84,19.84
2025-05-20T16:55:31.957510,7.519444942474365,-4.213461399078369,1.5999010801315308,-0.8208951950073242,0.31251272559165955,0.25658801198005676,19.95,19.95
2025-05-20T16:55:32.007281,7.519444942474365,-4.213461399078369,1.5999010801315308,-0.8208951950073242,0.31251272559165955,0.25658801198005676,20.09,20.09
2025-05-20T16:55:32.063192,7.519444942474365,-4.213461399078369,1.5999010801315308,-0.8208951950073242,0.31251272559165955,0.25658801198005676,17.89,17.89
2025-05-20T16:55:32.107297,6.441478729248047,-1.0058828592300415,0.8069794178009033,-0.9782834053039551,0.21664176881313324,0.7833457589149475,22.67,22.67
2025-05-20T16:55:32.157981,6.441478729248047,-1.0058828592300415,0.8069794178009033,-0.9782834053039551,0.21664176881313324,0.7833457589149475,19.74,19.74
2025-05-20T16:55:32.209159,6.441478729248047,-1.0058828592300415,0.8069794178009033,-0.9782834053039551,0.21664176881313324,0.7833457589149475,19.54,19.54
2025-05-20T16:55:32.257021,6.441478729248047,-1.0058828592300415,0.8069794178009033,-0.9782834053039551,0.21664176881313324,0.7833457589149475,20.89,20.89
2025-05-20T16:55:32.307281,15.058032989501953,-6.551548480987549,2.838186740875244,-1.1885337829589844,1.0419310331344604,-0.09347419440746307,19.89,19.89
2025-05-20T16:55:32.357937,15.058032989501953,-6.551548480987549,2.838186740875244,-1.1885337829589844,1.0419310331344604,-0.09347419440746307,19.74,19.74
2025-05-20T16:55:32.412475,15.058032989501953,-6.551548480987549,2.838186740875244,-1.1885337829589844,1.0419310331344604,-0.09347419440746307,18.34,18.34
2025-05-20T16:55:32.457646,15.058032989501953,-6.551548480987549,2.838186740875244,-1.1885337829589844,1.0419310331344604,-0.09347419440746307,22.15,22.15
2025-05-20T16:55:32.507626,3.9451663494110107,-2.0599212646484375,-0.5730810165405273,-1.1885337829589844,1.0419310331344604,-0.09347419440746307,19.99,19.99
2025-05-20T16:55:32.558035,3.9451663494110107,-2.0599212646484375,-0.5730810165405273,-1.1885337829589844,1.0419310331344604,-0.09347419440746307,19.84,19.84
2025-05-20T16:55:32.607419,3.9451663494110107,-2.0599212646484375,-0.5730810165405273,-1.1885337829589844,1.0419310331344604,-0.09347419440746307,20.25,20.25
2025-05-20T16:55:32.657656,3.9451663494110107,-2.0599212646484375,-0.5730810165405273,0.45565342903137207,0.4906729757785797,0.10625699162483215,19.90,19.90
2025-05-20T16:55:32.707719,12.267403602600098,-9.998708724975586,0.7468597888946533,0.45565342903137207,0.4906729757785797,0.10625699162483215,20.00,20.00
2025-05-20T16:55:32.757122,12.267403602600098,-9.998708724975586,0.7468597888946533,0.45565342903137207,0.4906729757785797,0.10625699162483215,20.22,20.22
2025-05-20T16:55:32.808021,12.267403602600098,-9.998708724975586,0.7468597888946533,0.45565342903137207,0.4906729757785797,0.10625699162483215,19.65,19.65
2025-05-20T16:55:32.858305,12.267403602600098,-9.998708724975586,0.7468597888946533,0.45565342903137207,0.4906729757785797,0.10625699162483215,19.88,19.88
2025-05-20T16:55:32.907387,7.2320075035095215,-6.958926677703857,0.5626124143600464,-0.10332760214805603,-0.16124965250492096,0.521431565284729,20.37,20.37
2025-05-20T16:55:32.960308,7.2320075035095215,-6.958926677703857,0.5626124143600464,-0.10332760214805603,-0.16124965250492096,0.521431565284729,18.90,18.90
2025-05-20T16:55:33.007204,7.2320075035095215,-6.958926677703857,0.5626124143600464,-0.10332760214805603,-0.16124965250492096,0.521431565284729,21.32,21.32
2025-05-20T16:55:33.057874,7.2320075035095215,-6.958926677703857,0.5626124143600464,-0.10332760214805603,-0.16124965250492096,0.521431565284729,19.74,19.74
2025-05-20T16:55:33.107089,6.062814235687256,-6.309574127197266,1.6812570095062256,-0.5870765447616577,0.6621754765510559,-0.6733604073524475,20.31,20.31
2025-05-20T16:55:33.157093,6.062814235687256,-6.309574127197266,1.6812570095062256,-0.5870765447616577,0.6621754765510559,-0.6733604073524475,20.00,20.00
2025-05-20T16:55:33.207021,6.062814235687256,-6.309574127197266,1.6812570095062256,-0.5870765447616577,0.6621754765510559,-0.6733604073524475,20.03,20.03
2025-05-20T16:55:33.256969,6.062814235687256,-6.309574127197266,1.6812570095062256,-0.5870765447616577,0.6621754765510559,-0.6733604073524475,20.02,20.02
2025-05-20T16:55:33.306991,2.419442892074585,0.9822536706924438,2.150848388671875,-1.2792117595672607,0.6515231728553772,-0.22063638269901276,19.99,19.99
2025-05-20T16:55:33.357231,2.419442892074585,0.9822536706924438,2.150848388671875,-1.2792117595672607,0.6515231728553772,-0.22063638269901276,19.90,19.90
2025-05-20T16:55:33.407308,2.419442892074585,0.9822536706924438,2.150848388671875,-1.2792117595672607,0.6515231728553772,-0.22063638269901276,19.97,19.97
2025-05-20T16:55:33.457253,2.419442892074585,0.9822536706924438,2.150848388671875,-1.2792117595672607,0.6515231728553772,-0.22063638269901276,20.02,20.02
2025-05-20T16:55:33.507523,14.614762306213379,-5.243571758270264,2.8860433101654053,-0.606783390045166,-0.0639139786362648,0.5989272594451904,19.90,19.90
2025-05-20T16:55:33.557333,14.614762306213379,-5.243571758270264,2.8860433101654053,-0.606783390045166,-0.0639139786362648,0.5989272594451904,20.08,20.08
2025-05-20T16:55:33.609345,14.614762306213379,-5.243571758270264,2.8860433101654053,-0.606783390045166,-0.0639139786362648,0.5989272594451904,19.22,19.22
2025-05-20T16:55:33.657436,14.614762306213379,-5.243571758270264,2.8860433101654053,-0.606783390045166,-0.0639139786362648,0.5989272594451904,20.80,20.80
2025-05-20T16:55:33.715806,10.211968421936035,-13.824234008789062,0.27038896083831787,0.11504516750574112,0.3055887222290039,1.5765448808670044,17.13,17.13
2025-05-20T16:55:33.758068,10.211968421936035,-13.824234008789062,0.27038896083831787,0.11504516750574112,0.3055887222290039,1.5765448808670044,23.66,23.66
2025-05-20T16:55:33.807624,10.211968421936035,-13.824234008789062,0.27038896083831787,0.11504516750574112,0.3055887222290039,1.5765448808670044,20.18,20.18
2025-05-20T16:55:33.864661,10.211968421936035,-13.824234008789062,0.27038896083831787,0.11504516750574112,0.3055887222290039,1.5765448808670044,17.53,17.53
2025-05-20T16:55:33.907944,4.319045066833496,-6.982854843139648,0.22462622821331024,-0.18694838881492615,0.6986597180366516,-0.8236914277076721,23.10,23.10
2025-05-20T16:55:33.961812,4.319045066833496,-6.982854843139648,0.22462622821331024,-0.18694838881492615,0.6986597180366516,-0.8236914277076721,18.61,18.61
2025-05-20T16:55:34.008564,4.319045066833496,-6.982854843139648,0.22462622821331024,-0.18694838881492615,0.6986597180366516,-0.8236914277076721,21.33,21.33
2025-05-20T16:55:34.065897,4.319045066833496,-6.982854843139648,0.22462622821331024,-0.18694838881492615,0.6986597180366516,-0.8236914277076721,17.44,17.44
2025-05-20T16:55:34.107616,3.1283164024353027,-0.009571290574967861,-0.2183450609445572,-0.9235570430755615,0.30971649289131165,-0.8639039993286133,23.98,23.98
2025-05-20T16:55:34.168800,3.1283164024353027,-0.009571290574967861,-0.2183450609445572,-0.9235570430755615,0.30971649289131165,-0.8639039993286133,16.34,16.34
2025-05-20T16:55:34.209058,3.1283164024353027,-0.009571290574967861,-0.2183450609445572,-0.9235570430755615,0.30971649289131165,-0.8639039993286133,24.83,24.83
2025-05-20T16:55:34.258514,3.1283164024353027,-0.009571290574967861,-0.2183450609445572,-0.9235570430755615,0.30971649289131165,-0.8639039993286133,20.22,20.22
2025-05-20T16:55:34.307600,7.945666790008545,-3.4974093437194824,4.900799751281738,0.02450035884976387,-0.11145000159740448,-0.41237834095954895,20.37,20.37
2025-05-20T16:55:34.357859,7.945666790008545,-3.4974093437194824,4.900799751281738,0.02450035884976387,-0.11145000159740448,-0.41237834095954895,19.90,19.90
2025-05-20T16:55:34.407686,7.945666790008545,-3.4974093437194824,4.900799751281738,0.02450035884976387,-0.11145000159740448,-0.41237834095954895,20.07,20.07
2025-05-20T16:55:34.463799,7.945666790008545,-3.4974093437194824,4.900799751281738,0.02450035884976387,-0.11145000159740448,-0.41237834095954895,17.82,17.82
2025-05-20T16:55:34.507546,13.129716873168945,-11.100603103637695,2.9027929306030273,-1.1420629024505615,0.19640234112739563,-0.016244804486632347,22.87,22.87
2025-05-20T16:55:34.558056,13.129716873168945,-11.100603103637695,2.9027929306030273,-1.1420629024505615,0.19640234112739563,-0.016244804486632347,19.79,19.79
2025-05-20T16:55:34.607747,13.129716873168945,-11.100603103637695,2.9027929306030273,-1.1420629024505615,0.19640234112739563,-0.016244804486632347,20.12,20.12
2025-05-20T16:55:34.662455,13.129716873168945,-11.100603103637695,2.9027929306030273,-1.1420629024505615,0.19640234112739563,-0.016244804486632347,18.28,18.28
2025-05-20T16:55:34.707487,6.460621356964111,-5.023132801055908,-0.6113662123680115,-0.3258281648159027,0.666303277015686,0.7410027384757996,22.21,22.21
2025-05-20T16:55:34.757945,6.460621356964111,-5.023132801055908,-0.6113662123680115,-0.3258281648159027,0.666303277015686,0.7410027384757996,19.82,19.82
2025-05-20T16:55:34.808479,6.460621356964111,-5.023132801055908,-0.6113662123680115,-0.3258281648159027,0.666303277015686,0.7410027384757996,19.79,19.79
2025-05-20T16:55:34.863778,6.460621356964111,-5.023132801055908,-0.6113662123680115,-0.3258281648159027,0.666303277015686,0.7410027384757996,18.08,18.08
2025-05-20T16:55:34.907264,10.298110008239746,-11.313863754272461,1.6238292455673218,-1.1786803007125854,1.96788489818573,-0.9110405445098877,23.00,23.00
2025-05-20T16:55:34.963834,10.298110008239746,-11.313863754272461,1.6238292455673218,-1.1786803007125854,1.96788489818573,-0.9110405445098877,17.68,17.68
2025-05-20T16:55:35.008037,10.298110008239746,-11.313863754272461,1.6238292455673218,-1.1786803007125854,1.96788489818573,-0.9110405445098877,22.61,22.61
2025-05-20T16:55:35.060247,10.298110008239746,-11.313863754272461,1.6238292455673218,-1.1786803007125854,1.96788489818573,-0.9110405445098877,19.16,19.16
2025-05-20T16:55:35.108553,6.4319071769714355,-6.850950241088867,-0.44835513830184937,-2.6292614936828613,0.8756215572357178,-0.7693645358085632,20.70,20.70
2025-05-20T16:55:35.157416,6.4319071769714355,-6.850950241088867,-0.44835513830184937,-2.6292614936828613,0.8756215572357178,-0.7693645358085632,20.47,20.47
2025-05-20T16:55:35.208362,6.4319071769714355,-6.850950241088867,-0.44835513830184937,-2.6292614936828613,0.8756215572357178,-0.7693645358085632,19.65,19.65
2025-05-20T16:55:35.265270,6.4319071769714355,-6.850950241088867,-0.44835513830184937,-2.6292614936828613,0.8756215572357178,-0.7693645358085632,17.57,17.57
2025-05-20T16:55:35.308093,7.318149089813232,-6.043671607971191,2.5435705184936523,-1.7393923997879028,1.2393985986709595,0.28841185569763184,23.34,23.34
2025-05-20T16:55:35.363993,7.318149089813232,-6.043671607971191,2.5435705184936523,-1.7393923997879028,1.2393985986709595,0.28841185569763184,17.90,17.90
2025-05-20T16:55:35.407685,7.318149089813232,-6.043671607971191,2.5435705184936523,-1.7393923997879028,1.2393985986709595,0.28841185569763184,22.89,22.89
2025-05-20T16:55:35.457423,7.318149089813232,-6.043671607971191,2.5435705184936523,-1.7393923997879028,1.2393985986709595,0.28841185569763184,20.09,20.09
2025-05-20T16:55:35.507374,10.128219604492188,-5.588437080383301,1.5541383028030396,-2.491713285446167,1.3316744565963745,0.9556471705436707,20.02,20.02
2025-05-20T16:55:35.557670,10.128219604492188,-5.588437080383301,1.5541383028030396,-2.491713285446167,1.3316744565963745,0.9556471705436707,19.89,19.89
2025-05-20T16:55:35.607467,10.128219604492188,-5.588437080383301,1.5541383028030396,-2.491713285446167,1.3316744565963745,0.9556471705436707,20.11,20.11
2025-05-20T16:55:35.657915,10.128219604492188,-5.588437080383301,1.5541383028030396,-2.491713285446167,1.3316744565963745,0.9556471705436707,19.80,19.80
2025-05-20T16:55:35.707909,9.742377281188965,-4.091427803039551,1.7147564888000488,-0.9874709844589233,1.8867939710617065,1.2247517108917236,20.00,20.00
2025-05-20T16:55:35.758142,9.742377281188965,-4.091427803039551,1.7147564888000488,-0.9874709844589233,1.8867939710617065,1.2247517108917236,19.91,19.91
2025-05-20T16:55:35.808366,9.742377281188965,-4.091427803039551,1.7147564888000488,-0.9874709844589233,1.8867939710617065,1.2247517108917236,19.91,19.91
2025-05-20T16:55:35.862635,9.742377281188965,-4.091427803039551,1.7147564888000488,-0.9874709844589233,1.8867939710617065,1.2247517108917236,18.43,18.43
2025-05-20T16:55:35.907838,13.18714427947998,-8.137392044067383,1.7602201700210571,0.464175283908844,0.6585803031921387,0.3303554058074951,22.11,22.11
2025-05-20T16:55:35.957965,13.18714427947998,-8.137392044067383,1.7602201700210571,0.464175283908844,0.6585803031921387,0.3303554058074951,19.95,19.95
2025-05-20T16:55:36.007771,13.18714427947998,-8.137392044067383,1.7602201700210571,0.464175283908844,0.6585803031921387,0.3303554058074951,20.09,20.09
2025-05-20T16:55:36.057255,13.18714427947998,-8.137392044067383,1.7602201700210571,0.464175283908844,0.6585803031921387,0.3303554058074951,20.20,20.20
2025-05-20T16:55:36.107443,6.079564094543457,-7.694121360778809,2.407179594039917,0.9706935882568359,-2.310889959335327,-1.2488526105880737,19.94,19.94
2025-05-20T16:55:36.157466,6.079564094543457,-7.694121360778809,2.407179594039917,0.9706935882568359,-2.310889959335327,-1.2488526105880737,19.99,19.99
2025-05-20T16:55:36.207034,6.079564094543457,-7.694121360778809,2.407179594039917,0.9706935882568359,-2.310889959335327,-1.2488526105880737,20.16,20.16
2025-05-20T16:55:36.258580,6.079564094543457,-7.694121360778809,2.407179594039917,0.9706935882568359,-2.310889959335327,-1.2488526105880737,19.40,19.40
2025-05-20T16:55:36.316079,5.349154949188232,-6.127420425415039,-1.296311616897583,-0.21171505749225616,-0.14314068853855133,-3.73390793800354,17.39,17.39
2025-05-20T16:55:36.358204,5.349154949188232,-6.127420425415039,-1.296311616897583,-0.21171505749225616,-0.14314068853855133,-3.73390793800354,23.73,23.73
2025-05-20T16:55:36.408037,5.349154949188232,-6.127420425415039,-1.296311616897583,-0.21171505749225616,-0.14314068853855133,-3.73390793800354,20.15,20.15
2025-05-20T16:55:36.457270,5.349154949188232,-6.127420425415039,-1.296311616897583,-0.21171505749225616,-0.14314068853855133,-3.73390793800354,20.24,20.24
2025-05-20T16:55:36.507913,12.317652702331543,-8.55882740020752,-0.9394819736480713,0.6557840704917908,0.292805939912796,-0.33714625239372253,19.73,19.73
2025-05-20T16:55:36.557918,12.317652702331543,-8.55882740020752,-0.9394819736480713,0.6557840704917908,0.292805939912796,-0.33714625239372253,20.00,20.00
2025-05-20T16:55:36.610534,12.317652702331543,-8.55882740020752,-0.9394819736480713,0.6557840704917908,0.292805939912796,-0.33714625239372253,19.00,19.00
2025-05-20T16:55:36.657242,12.317652702331543,-8.55882740020752,-0.9394819736480713,0.6557840704917908,0.292805939912796,-0.33714625239372253,21.41,21.41
2025-05-20T16:55:36.707069,9.193822860717773,-2.7810580730438232,0.35892340540885925,-1.212368369102478,0.5965304970741272,4.043757915496826,20.07,20.07
2025-05-20T16:55:36.758354,9.193822860717773,-2.7810580730438232,0.35892340540885925,-1.212368369102478,0.5965304970741272,4.043757915496826,19.50,19.50
2025-05-20T16:55:36.812852,9.193822860717773,-2.7810580730438232,0.35892340540885925,-1.212368369102478,0.5965304970741272,4.043757915496826,18.35,18.35
2025-05-20T16:55:36.857112,9.193822860717773,-2.7810580730438232,0.35892340540885925,-1.212368369102478,0.5965304970741272,4.043757915496826,22.58,22.58
2025-05-20T16:55:36.907234,4.702195644378662,-9.035597801208496,0.6367899179458618,-1.2648310661315918,1.2392654418945312,1.9887900352478027,19.95,19.95
2025-05-20T16:55:36.958258,4.702195644378662,-9.035597801208496,0.6367899179458618,-1.2648310661315918,1.2392654418945312,1.9887900352478027,19.60,19.60
2025-05-20T16:55:37.011084,4.702195644378662,-9.035597801208496,0.6367899179458618,-1.2648310661315918,1.2392654418945312,1.9887900352478027,18.93,18.93
2025-05-20T16:55:37.064568,4.702195644378662,-9.035597801208496,0.6367899179458618,-1.2648310661315918,1.2392654418945312,1.9887900352478027,18.70,18.70
2025-05-20T16:55:37.107791,9.98674488067627,-5.408975601196289,2.927020311355591,-1.4166268110275269,2.3447110652923584,-0.6179683208465576,23.13,23.13
2025-05-20T16:55:37.158343,9.98674488067627,-5.408975601196289,2.927020311355591,-1.4166268110275269,2.3447110652923584,-0.6179683208465576,19.79,19.79
2025-05-20T16:55:37.209650,9.98674488067627,-5.408975601196289,2.927020311355591,-1.4166268110275269,2.3447110652923584,-0.6179683208465576,19.48,19.48
2025-05-20T16:55:37.258362,9.98674488067627,-5.408975601196289,2.927020311355591,-1.4166268110275269,2.3447110652923584,-0.6179683208465576,20.53,20.53
2025-05-20T16:55:37.307872,8.408080101013184,-5.660521030426025,1.657328724861145,0.8752220869064331,-0.8083786964416504,-0.07270215451717377,20.19,20.19
2025-05-20T16:55:37.357429,8.408080101013184,-5.660521030426025,1.657328724861145,0.8752220869064331,-0.8083786964416504,-0.07270215451717377,20.18,20.18
2025-05-20T16:55:37.407869,8.408080101013184,-5.660521030426025,1.657328724861145,0.8752220869064331,-0.8083786964416504,-0.07270215451717377,19.84,19.84
2025-05-20T16:55:37.457436,8.408080101013184,-5.660521030426025,1.657328724861145,0.8752220869064331,-0.8083786964416504,-0.07270215451717377,20.15,20.15
2025-05-20T16:55:37.507459,6.252146244049072,-5.497509956359863,1.139880895614624,1.872280240058899,-2.615013837814331,-1.6363310813903809,19.99,19.99
2025-05-20T16:55:37.557602,6.252146244049072,-5.497509956359863,1.139880895614624,1.872280240058899,-2.615013837814331,-1.6363310813903809,19.95,19.95
2025-05-20T16:55:37.607589,6.252146244049072,-5.497509956359863,1.139880895614624,1.872280240058899,-2.615013837814331,-1.6363310813903809,20.01,20.01
2025-05-20T16:55:37.674998,6.252146244049072,-5.497509956359863,1.139880895614624,1.872280240058899,-2.615013837814331,-1.6363310813903809,14.83,14.83
2025-05-20T16:55:37.710544,7.358827114105225,-7.370790958404541,-0.589830756187439,0.9374050498008728,-0.8729584813117981,-1.9581645727157593,28.13,28.13
2025-05-20T16:55:37.757562,7.358827114105225,-7.370790958404541,-0.589830756187439,0.9374050498008728,-0.8729584813117981,-1.9581645727157593,21.27,21.27
2025-05-20T16:55:37.807414,7.358827114105225,-7.370790958404541,-0.589830756187439,0.9374050498008728,-0.8729584813117981,-1.9581645727157593,20.06,20.06
2025-05-20T16:55:37.857629,7.358827114105225,-7.370790958404541,-0.589830756187439,0.9374050498008728,-0.8729584813117981,-1.9581645727157593,19.92,19.92
2025-05-20T16:55:37.907273,9.99392318725586,-6.002993583679199,-1.236491084098816,1.260969638824463,-0.11850717663764954,0.5768237113952637,20.14,20.14
2025-05-20T16:55:37.957939,9.99392318725586,-6.002993583679199,-1.236491084098816,1.260969638824463,-0.11850717663764954,0.5768237113952637,19.74,19.74
2025-05-20T16:55:38.007656,9.99392318725586,-6.002993583679199,-1.236491084098816,1.260969638824463,-0.11850717663764954,0.5768237113952637,20.11,20.11
2025-05-20T16:55:38.057360,9.99392318725586,-6.002993583679199,-1.236491084098816,1.260969638824463,-0.11850717663764954,0.5768237113952637,20.12,20.12
2025-05-20T16:55:38.107427,5.9886369705200195,-6.029314994812012,1.1255239248275757,1.6648260354995728,0.17123620212078094,2.355496406555176,19.97,19.97
2025-05-20T16:55:38.157852,5.9886369705200195,-6.029314994812012,1.1255239248275757,1.6648260354995728,0.17123620212078094,2.355496406555176,19.84,19.84
2025-05-20T16:55:38.207540,5.9886369705200195,-6.029314994812012,1.1255239248275757,1.6648260354995728,0.17123620212078094,2.355496406555176,20.13,20.13
2025-05-20T16:55:38.257518,5.9886369705200195,-6.029314994812012,1.1255239248275757,1.6648260354995728,0.17123620212078094,2.355496406555176,20.01,20.01
2025-05-20T16:55:38.307755,6.223432540893555,-6.177968978881836,-0.5560321807861328,-0.9195623993873596,0.648993194103241,0.21784014999866486,19.90,19.90
2025-05-20T16:55:38.357557,6.223432540893555,-6.177968978881836,-0.5560321807861328,-0.9195623993873596,0.648993194103241,0.21784014999866486,20.08,20.08
2025-05-20T16:55:38.407343,6.223432540893555,-6.177968978881836,-0.5560321807861328,-0.9195623993873596,0.648993194103241,0.21784014999866486,20.09,20.09
2025-05-20T16:55:38.457438,6.223432540893555,-6.177968978881836,-0.5560321807861328,-0.9195623993873596,0.648993194103241,0.21784014999866486,19.96,19.96
2025-05-20T16:55:38.507421,9.05982494354248,-6.757630348205566,0.5195416212081909,-0.1288931965827942,0.4316856861114502,0.13142313063144684,20.01,20.01
2025-05-20T16:55:38.557687,9.05982494354248,-6.757630348205566,0.5195416212081909,-0.1288931965827942,0.4316856861114502,0.13142313063144684,19.89,19.89
2025-05-20T16:55:38.607245,9.05982494354248,-6.757630348205566,0.5195416212081909,-0.1288931965827942,0.4316856861114502,0.13142313063144684,20.18,20.18
2025-05-20T16:55:38.657947,9.05982494354248,-6.757630348205566,0.5195416212081909,-0.1288931965827942,0.4316856861114502,0.13142313063144684,19.73,19.73
2025-05-20T16:55:38.707334,9.95563793182373,-6.412465572357178,4.7401814460754395,-1.2627005577087402,0.23088926076889038,-0.6468627452850342,20.24,20.24
2025-05-20T16:55:38.757917,9.95563793182373,-6.412465572357178,4.7401814460754395,-1.2627005577087402,0.23088926076889038,-0.6468627452850342,19.77,19.77
2025-05-20T16:55:38.807853,9.95563793182373,-6.412465572357178,4.7401814460754395,-1.2627005577087402,0.23088926076889038,-0.6468627452850342,20.02,20.02
2025-05-20T16:55:38.857795,9.95563793182373,-6.412465572357178,4.7401814460754395,-1.2627005577087402,0.23088926076889038,-0.6468627452850342,20.02,20.02
2025-05-20T16:55:38.907280,10.36510944366455,-6.764808654785156,-0.6544370055198669,0.2770937383174896,-0.27003657817840576,-0.1519288569688797,20.20,20.20
2025-05-20T16:55:38.957344,10.36510944366455,-6.764808654785156,-0.6544370055198669,0.2770937383174896,-0.27003657817840576,-0.1519288569688797,19.98,19.98
2025-05-20T16:55:39.007885,10.36510944366455,-6.764808654785156,-0.6544370055198669,0.2770937383174896,-0.27003657817840576,-0.1519288569688797,19.79,19.79
2025-05-20T16:55:39.062204,7.478767395019531,-6.340681076049805,1.5493526458740234,2.634587526321411,-2.6110193729400635,-1.8842641115188599,18.41,18.41
2025-05-20T16:55:39.115727,7.478767395019531,-6.340681076049805,1.5493526458740234,2.634587526321411,-2.6110193729400635,-1.8842641115188599,18.68,18.68
2025-05-20T16:55:39.157532,7.478767395019531,-6.340681076049805,1.5493526458740234,2.634587526321411,-2.6110193729400635,-1.8842641115188599,23.92,23.92
2025-05-20T16:55:39.207739,7.478767395019531,-6.340681076049805,1.5493526458740234,2.634587526321411,-2.6110193729400635,-1.8842641115188599,19.92,19.92
2025-05-20T16:55:39.257267,7.478767395019531,-6.340681076049805,1.5493526458740234,2.634587526321411,-2.6110193729400635,-1.8842641115188599,20.20,20.20
2025-05-20T16:55:39.307753,6.264110565185547,-6.180361747741699,0.33738797903060913,0.5733616948127747,-0.5877423286437988,-1.673081636428833,19.79,19.79
2025-05-20T16:55:39.357807,6.264110565185547,-6.180361747741699,0.33738797903060913,0.5733616948127747,-0.5877423286437988,-1.673081636428833,19.98,19.98
2025-05-20T16:55:39.407769,6.264110565185547,-6.180361747741699,0.33738797903060913,0.5733616948127747,-0.5877423286437988,-1.673081636428833,20.01,20.01
2025-05-20T16:55:39.457993,6.264110565185547,-6.180361747741699,0.33738797903060913,0.5733616948127747,-0.5877423286437988,-1.673081636428833,19.91,19.91
2025-05-20T16:55:39.507848,7.799704551696777,-5.490331649780273,-1.3417752981185913,0.9391360878944397,0.25259336829185486,1.3515143394470215,20.05,20.05
2025-05-20T16:55:39.557909,7.799704551696777,-5.490331649780273,-1.3417752981185913,0.9391360878944397,0.25259336829185486,1.3515143394470215,19.98,19.98
2025-05-20T16:55:39.607595,7.799704551696777,-5.490331649780273,-1.3417752981185913,0.9391360878944397,0.25259336829185486,1.3515143394470215,20.13,20.13
2025-05-20T16:55:39.657362,7.799704551696777,-5.490331649780273,-1.3417752981185913,0.9391360878944397,0.25259336829185486,1.3515143394470215,20.09,20.09
2025-05-20T16:55:39.707500,7.814061641693115,-4.8197431564331055,-0.39092740416526794,-0.30931705236434937,0.894529402256012,1.2621679306030273,19.94,19.94
2025-05-20T16:55:39.765596,7.814061641693115,-4.8197431564331055,-0.39092740416526794,-0.30931705236434937,0.894529402256012,1.2621679306030273,17.22,17.22
2025-05-20T16:55:39.813900,7.814061641693115,-4.8197431564331055,-0.39092740416526794,-0.30931705236434937,0.894529402256012,1.2621679306030273,20.69,20.69
2025-05-20T16:55:39.860037,7.814061641693115,-4.8197431564331055,-0.39092740416526794,-0.30931705236434937,0.894529402256012,1.2621679306030273,21.68,21.68
2025-05-20T16:55:39.909437,10.36510944366455,-8.252246856689453,1.084846019744873,-0.8131722807884216,1.0488550662994385,0.5520570278167725,20.24,20.24
2025-05-20T16:55:39.961989,10.36510944366455,-8.252246856689453,1.084846019744873,-0.8131722807884216,1.0488550662994385,0.5520570278167725,19.04,19.04
2025-05-20T16:55:40.007346,10.36510944366455,-8.252246856689453,1.084846019744873,-0.8131722807884216,1.0488550662994385,0.5520570278167725,22.04,22.04
2025-05-20T16:55:40.057538,10.36510944366455,-8.252246856689453,1.084846019744873,-0.8131722807884216,1.0488550662994385,0.5520570278167725,19.91,19.91
2025-05-20T16:55:40.107393,9.874281883239746,-4.503292083740234,1.415354609489441,-0.7082468271255493,0.7186328172683716,0.10812114924192429,20.06,20.06
2025-05-20T16:55:40.158379,9.874281883239746,-4.503292083740234,1.415354609489441,-0.7082468271255493,0.7186328172683716,0.10812114924192429,19.62,19.62
2025-05-20T16:55:40.207448,9.874281883239746,-4.503292083740234,1.415354609489441,-0.7082468271255493,0.7186328172683716,0.10812114924192429,20.37,20.37
2025-05-20T16:55:40.257582,9.874281883239746,-4.503292083740234,1.415354609489441,-0.7082468271255493,0.7186328172683716,0.10812114924192429,19.95,19.95
2025-05-20T16:55:40.307743,8.39611530303955,-5.229214668273926,2.0069799423217773,1.8818672895431519,-1.7685531377792358,-0.33395054936408997,19.94,19.94
2025-05-20T16:55:40.357536,8.39611530303955,-5.229214668273926,2.0069799423217773,1.8818672895431519,-1.7685531377792358,-0.33395054936408997,20.10,20.10
2025-05-20T16:55:40.407998,8.39611530303955,-5.229214668273926,2.0069799423217773,1.8818672895431519,-1.7685531377792358,-0.33395054936408997,19.82,19.82
2025-05-20T16:55:40.457402,8.39611530303955,-5.229214668273926,2.0069799423217773,1.8818672895431519,-1.7685531377792358,-0.33395054936408997,20.22,20.22
2025-05-20T16:55:40.507238,8.139784812927246,-7.526623725891113,1.3411771059036255,0.7616416215896606,-1.2816084623336792,-1.9216803312301636,20.06,20.06
2025-05-20T16:55:40.557953,8.139784812927246,-7.526623725891113,1.3411771059036255,0.7616416215896606,-1.2816084623336792,-1.9216803312301636,19.72,19.72
2025-05-20T16:55:40.608235,8.139784812927246,-7.526623725891113,1.3411771059036255,0.7616416215896606,-1.2816084623336792,-1.9216803312301636,19.89,19.89
2025-05-20T16:55:40.657775,8.139784812927246,-7.526623725891113,1.3411771059036255,0.7616416215896606,-1.2816084623336792,-1.9216803312301636,20.18,20.18
2025-05-20T16:55:40.707211,9.316155433654785,-6.608976364135742,0.1624128371477127,0.4901403486728668,-0.4323514401912689,-0.8750889301300049,20.23,20.23
2025-05-20T16:55:40.756964,9.316155433654785,-6.608976364135742,0.1624128371477127,0.4901403486728668,-0.4323514401912689,-0.8750889301300049,20.10,20.10
2025-05-20T16:55:40.807201,9.316155433654785,-6.608976364135742,0.1624128371477127,0.4901403486728668,-0.4323514401912689,-0.8750889301300049,19.91,19.91
2025-05-20T16:55:40.857586,9.316155433654785,-6.608976364135742,0.1624128371477127,0.4901403486728668,-0.4323514401912689,-0.8750889301300049,19.86,19.86
2025-05-20T16:55:40.908320,7.931309700012207,-4.515256404876709,-1.339382529258728,0.48028692603111267,0.4917382001876831,1.3732185363769531,19.69,19.69
2025-05-20T16:55:40.957802,7.931309700012207,-4.515256404876709,-1.339382529258728,0.48028692603111267,0.4917382001876831,1.3732185363769531,20.21,20.21
2025-05-20T16:55:41.007332,7.931309700012207,-4.515256404876709,-1.339382529258728,0.48028692603111267,0.4917382001876831,1.3732185363769531,20.19,20.19
2025-05-20T16:55:41.057511,7.931309700012207,-4.515256404876709,-1.339382529258728,0.48028692603111267,0.4917382001876831,1.3732185363769531,19.93,19.93
2025-05-20T16:55:41.107144,7.967501163482666,-4.141676902770996,-0.5081757307052612,-0.42582690715789795,0.7030537724494934,1.122489333152771,20.17,20.17
2025-05-20T16:55:41.157359,7.967501163482666,-4.141676902770996,-0.5081757307052612,-0.42582690715789795,0.7030537724494934,1.122489333152771,19.89,19.89
2025-05-20T16:55:41.207752,7.967501163482666,-4.141676902770996,-0.5081757307052612,-0.42582690715789795,0.7030537724494934,1.122489333152771,19.85,19.85
2025-05-20T16:55:41.260740,7.967501163482666,-4.141676902770996,-0.5081757307052612,-0.42582690715789795,0.7030537724494934,1.122489333152771,18.87,18.87
2025-05-20T16:55:41.313238,9.344869613647461,-7.6390862464904785,1.5637096166610718,-1.14139723777771,0.9672315716743469,0.2521939277648926,19.05,19.05
2025-05-20T16:55:41.357401,9.344869613647461,-7.6390862464904785,1.5637096166610718,-1.14139723777771,0.9672315716743469,0.2521939277648926,22.65,22.65
2025-05-20T16:55:41.407610,9.344869613647461,-7.6390862464904785,1.5637096166610718,-1.14139723777771,0.9672315716743469,0.2521939277648926,19.92,19.92
2025-05-20T16:55:41.457569,9.344869613647461,-7.6390862464904785,1.5637096166610718,-1.14139723777771,0.9672315716743469,0.2521939277648926,20.02,20.02
2025-05-20T16:55:41.507599,10.08006477355957,-5.0928239822387695,-0.01704886183142662,-1.4101022481918335,1.1689600944519043,-0.1956034153699875,20.00,20.00
2025-05-20T16:55:41.557841,10.08006477355957,-5.0928239822387695,-0.01704886183142662,-1.4101022481918335,1.1689600944519043,-0.1956034153699875,19.91,19.91
2025-05-20T16:55:41.607647,10.08006477355957,-5.0928239822387695,-0.01704886183142662,-1.4101022481918335,1.1689600944519043,-0.1956034153699875,20.06,20.06
2025-05-20T16:55:41.657567,10.08006477355957,-5.0928239822387695,-0.01704886183142662,-1.4101022481918335,1.1689600944519043,-0.1956034153699875,20.03,20.03
2025-05-20T16:55:41.707293,6.3601226806640625,-4.0818562507629395,1.7673985958099365,1.3167611360549927,-0.6649717092514038,0.011051792651414871,20.11,20.11
2025-05-20T16:55:41.757697,6.3601226806640625,-4.0818562507629395,1.7673985958099365,1.3167611360549927,-0.6649717092514038,0.011051792651414871,19.84,19.84
2025-05-20T16:55:41.807670,6.3601226806640625,-4.0818562507629395,1.7673985958099365,1.3167611360549927,-0.6649717092514038,0.011051792651414871,20.01,20.01
2025-05-20T16:55:41.857468,6.3601226806640625,-4.0818562507629395,1.7673985958099365,1.3167611360549927,-0.6649717092514038,0.011051792651414871,20.08,20.08
2025-05-20T16:55:41.907075,7.763812065124512,-6.903592586517334,0.9577272534370422,0.902651846408844,-0.9447285532951355,-1.3860013484954834,20.16,20.16
2025-05-20T16:55:41.957608,7.763812065124512,-6.903592586517334,0.9577272534370422,0.902651846408844,-0.9447285532951355,-1.3860013484954834,19.81,19.81
2025-05-20T16:55:42.007899,7.763812065124512,-6.903592586517334,0.9577272534370422,0.902651846408844,-0.9447285532951355,-1.3860013484954834,19.87,19.87
2025-05-20T16:55:42.057739,7.763812065124512,-6.903592586517334,0.9577272534370422,0.902651846408844,-0.9447285532951355,-1.3860013484954834,20.06,20.06
2025-05-20T16:55:42.107876,8.056035995483398,-5.253142833709717,-0.10588239878416061,0.8328790664672852,-0.8645697236061096,-0.29906415939331055,20.01,20.01
2025-05-20T16:55:42.157430,8.056035995483398,-5.253142833709717,-0.10588239878416061,0.8328790664672852,-0.8645697236061096,-0.29906415939331055,20.12,20.12
2025-05-20T16:55:42.207627,8.056035995483398,-5.253142833709717,-0.10588239878416061,0.8328790664672852,-0.8645697236061096,-0.29906415939331055,19.92,19.92
2025-05-20T16:55:42.257235,8.056035995483398,-5.253142833709717,-0.10588239878416061,0.8328790664672852,-0.8645697236061096,-0.29906415939331055,20.16,20.16
2025-05-20T16:55:42.307715,6.577869415283203,-4.187140464782715,-0.3981058597564697,-0.21784014999866486,0.3005288541316986,0.9641690254211426,19.81,19.81
2025-05-20T16:55:42.357910,6.577869415283203,-4.187140464782715,-0.3981058597564697,-0.21784014999866486,0.3005288541316986,0.9641690254211426,19.93,19.93
2025-05-20T16:55:42.407885,6.577869415283203,-4.187140464782715,-0.3981058597564697,-0.21784014999866486,0.3005288541316986,0.9641690254211426,20.01,20.01
2025-05-20T16:55:42.457608,6.577869415283203,-4.187140464782715,-0.3981058597564697,-0.21784014999866486,0.3005288541316986,0.9641690254211426,20.11,20.11
2025-05-20T16:55:42.508470,8.530412673950195,-6.448657035827637,-0.778863787651062,-0.6219629049301147,0.5210320949554443,0.7087793946266174,19.65,19.65
2025-05-20T16:55:42.557749,8.530412673950195,-6.448657035827637,-0.778863787651062,-0.6219629049301147,0.5210320949554443,0.7087793946266174,20.30,20.30
2025-05-20T16:55:42.608136,8.530412673950195,-6.448657035827637,-0.778863787651062,-0.6219629049301147,0.5210320949554443,0.7087793946266174,19.85,19.85
2025-05-20T16:55:42.657266,8.530412673950195,-6.448657035827637,-0.778863787651062,-0.6219629049301147,0.5210320949554443,0.7087793946266174,20.37,20.37
2025-05-20T16:55:42.707385,10.504192352294922,-6.091528415679932,0.9672985672950745,-0.7380733489990234,0.6873416304588318,0.3762935698032379,19.93,19.93
2025-05-20T16:55:42.757755,10.504192352294922,-6.091528415679932,0.9672985672950745,-0.7380733489990234,0.6873416304588318,0.3762935698032379,19.86,19.86
2025-05-20T16:55:42.808006,10.504192352294922,-6.091528415679932,0.9672985672950745,-0.7380733489990234,0.6873416304588318,0.3762935698032379,19.90,19.90
2025-05-20T16:55:42.857783,10.504192352294922,-6.091528415679932,0.9672985672950745,-0.7380733489990234,0.6873416304588318,0.3762935698032379,20.09,20.09
2025-05-20T16:55:42.907563,8.638090133666992,-4.989633560180664,0.6846463680267334,0.004660394508391619,0.25658801198005676,0.17842653393745422,20.11,20.11
2025-05-20T16:55:42.957924,8.638090133666992,-4.989633560180664,0.6846463680267334,0.004660394508391619,0.25658801198005676,0.17842653393745422,19.87,19.87
2025-05-20T16:55:43.007572,8.638090133666992,-4.989633560180664,0.6846463680267334,0.004660394508391619,0.25658801198005676,0.17842653393745422,20.10,20.10
2025-05-20T16:55:43.057818,8.638090133666992,-4.989633560180664,0.6846463680267334,0.004660394508391619,0.25658801198005676,0.17842653393745422,19.91,19.91
2025-05-20T16:55:43.107685,6.249753475189209,-4.611268520355225,1.103988528251648,0.7834789156913757,-0.8190310597419739,-0.9331441521644592,20.05,20.05
2025-05-20T16:55:43.157567,6.249753475189209,-4.611268520355225,1.103988528251648,0.7834789156913757,-0.8190310597419739,-0.9331441521644592,20.05,20.05
2025-05-20T16:55:43.208052,6.249753475189209,-4.611268520355225,1.103988528251648,0.7834789156913757,-0.8190310597419739,-0.9331441521644592,19.81,19.81
2025-05-20T16:55:43.260997,8.798707962036133,-9.495617866516113,-0.33828529715538025,1.319291114807129,-0.7415353655815125,-0.5561847686767578,18.88,18.88
2025-05-20T16:55:43.307846,8.798707962036133,-9.495617866516113,-0.33828529715538025,1.319291114807129,-0.7415353655815125,-0.5561847686767578,21.35,21.35
2025-05-20T16:55:43.357767,8.798707962036133,-9.495617866516113,-0.33828529715538025,1.319291114807129,-0.7415353655815125,-0.5561847686767578,20.03,20.03
2025-05-20T16:55:43.407537,8.798707962036133,-9.495617866516113,-0.33828529715538025,1.319291114807129,-0.7415353655815125,-0.5561847686767578,20.09,20.09
2025-05-20T16:55:43.457757,8.798707962036133,-9.495617866516113,-0.33828529715538025,1.319291114807129,-0.7415353655815125,-0.5561847686767578,19.91,19.91
2025-05-20T16:55:43.516648,6.623631954193115,-7.33968448638916,-1.7252250909805298,0.541404664516449,-0.3929378390312195,0.4440690279006958,16.98,16.98
2025-05-20T16:55:43.557829,6.623631954193115,-7.33968448638916,-1.7252250909805298,0.541404664516449,-0.3929378390312195,0.4440690279006958,24.28,24.28
2025-05-20T16:55:43.607440,6.623631954193115,-7.33968448638916,-1.7252250909805298,0.541404664516449,-0.3929378390312195,0.4440690279006958,20.16,20.16
2025-05-20T16:55:43.657728,6.623631954193115,-7.33968448638916,-1.7252250909805298,0.541404664516449,-0.3929378390312195,0.4440690279006958,19.90,19.90
2025-05-20T16:55:43.707159,5.928816318511963,-4.73090934753418,-0.6185446381568909,-0.7900034189224243,0.4826837182044983,0.5098471641540527,20.22,20.22
2025-05-20T16:55:43.757376,5.928816318511963,-4.73090934753418,-0.6185446381568909,-0.7900034189224243,0.4826837182044983,0.5098471641540527,19.91,19.91
2025-05-20T16:55:43.807766,5.928816318511963,-4.73090934753418,-0.6185446381568909,-0.7900034189224243,0.4826837182044983,0.5098471641540527,19.84,19.84
2025-05-20T16:55:43.857895,5.928816318511963,-4.73090934753418,-0.6185446381568909,-0.7900034189224243,0.4826837182044983,0.5098471641540527,19.95,19.95
2025-05-20T16:55:43.907630,10.154541015625,-6.6592254638671875,-1.2005987167358398,-0.8375394940376282,0.9030513167381287,0.3342168629169464,20.10,20.10
2025-05-20T16:55:43.958089,10.154541015625,-6.6592254638671875,-1.2005987167358398,-0.8375394940376282,0.9030513167381287,0.3342168629169464,19.82,19.82
2025-05-20T16:55:44.007837,10.154541015625,-6.6592254638671875,-1.2005987167358398,-0.8375394940376282,0.9030513167381287,0.3342168629169464,20.10,20.10
2025-05-20T16:55:44.057340,10.154541015625,-6.6592254638671875,-1.2005987167358398,-0.8375394940376282,0.9030513167381287,0.3342168629169464,20.20,20.20
2025-05-20T16:55:44.106994,9.189037322998047,-4.323830604553223,0.04995017126202583,-0.471099317073822,0.7609758377075195,0.3403419554233551,20.13,20.13
2025-05-20T16:55:44.157628,9.189037322998047,-4.323830604553223,0.04995017126202583,-0.471099317073822,0.7609758377075195,0.3403419554233551,19.75,19.75
2025-05-20T16:55:44.207523,9.189037322998047,-4.323830604553223,0.04995017126202583,-0.471099317073822,0.7609758377075195,0.3403419554233551,20.04,20.04
2025-05-20T16:55:44.257250,9.189037322998047,-4.323830604553223,0.04995017126202583,-0.471099317073822,0.7609758377075195,0.3403419554233551,20.11,20.11
2025-05-20T16:55:44.307261,8.479864120483398,-5.4759745597839355,1.3363914489746094,0.6430012583732605,-0.10758853703737259,0.04647079110145569,20.00,20.00
2025-05-20T16:55:44.357513,8.479864120483398,-5.4759745597839355,1.3363914489746094,0.6430012583732605,-0.10758853703737259,0.04647079110145569,19.90,19.90
2025-05-20T16:55:44.408185,8.479864120483398,-5.4759745597839355,1.3363914489746094,0.6430012583732605,-0.10758853703737259,0.04647079110145569,19.74,19.74
2025-05-20T16:55:44.457216,8.479864120483398,-5.4759745597839355,1.3363914489746094,0.6430012583732605,-0.10758853703737259,0.04647079110145569,20.39,20.39
2025-05-20T16:55:44.507295,6.994818687438965,-6.175576210021973,0.9577272534370422,0.8021204471588135,-1.471486210823059,-0.7818810343742371,19.97,19.97
2025-05-20T16:55:44.557378,6.994818687438965,-6.175576210021973,0.9577272534370422,0.8021204471588135,-1.471486210823059,-0.7818810343742371,19.97,19.97
2025-05-20T16:55:44.607376,6.994818687438965,-6.175576210021973,0.9577272534370422,0.8021204471588135,-1.471486210823059,-0.7818810343742371,20.00,20.00
2025-05-20T16:55:44.657672,6.994818687438965,-6.175576210021973,0.9577272534370422,0.8021204471588135,-1.471486210823059,-0.7818810343742371,19.88,19.88
2025-05-20T16:55:44.707300,10.243075370788574,-9.773484230041504,0.7926225066184998,0.15459194779396057,-0.6126421689987183,-0.9131709933280945,20.16,20.16
2025-05-20T16:55:44.757580,10.243075370788574,-9.773484230041504,0.7926225066184998,0.15459194779396057,-0.6126421689987183,-0.9131709933280945,19.88,19.88
2025-05-20T16:55:44.807459,10.243075370788574,-9.773484230041504,0.7926225066184998,0.15459194779396057,-0.6126421689987183,-0.9131709933280945,20.05,20.05
2025-05-20T16:55:44.857655,10.243075370788574,-9.773484230041504,0.7926225066184998,0.15459194779396057,-0.6126421689987183,-0.9131709933280945,19.93,19.93
2025-05-20T16:55:44.907188,5.85703182220459,-6.3478593826293945,-0.22791635990142822,0.29134124517440796,0.06790860742330551,0.9115731716156006,20.17,20.17
2025-05-20T16:55:44.957368,5.85703182220459,-6.3478593826293945,-0.22791635990142822,0.29134124517440796,0.06790860742330551,0.9115731716156006,19.93,19.93
2025-05-20T16:55:45.007366,5.85703182220459,-6.3478593826293945,-0.22791635990142822,0.29134124517440796,0.06790860742330551,0.9115731716156006,20.00,20.00
2025-05-20T16:55:45.057502,5.85703182220459,-6.3478593826293945,-0.22791635990142822,0.29134124517440796,0.06790860742330551,0.9115731716156006,19.94,19.94
2025-05-20T16:55:45.107329,6.939784049987793,-5.111966609954834,-0.3239283561706543,-0.4596480429172516,0.8155690431594849,0.6074491143226624,20.07,20.07
2025-05-20T16:55:45.157318,6.939784049987793,-5.111966609954834,-0.3239283561706543,-0.4596480429172516,0.8155690431594849,0.6074491143226624,20.00,20.00
2025-05-20T16:55:45.207224,6.939784049987793,-5.111966609954834,-0.3239283561706543,-0.4596480429172516,0.8155690431594849,0.6074491143226624,20.04,20.04
2025-05-20T16:55:45.257651,6.939784049987793,-5.111966609954834,-0.3239283561706543,-0.4596480429172516,0.8155690431594849,0.6074491143226624,19.83,19.83
2025-05-20T16:55:45.307501,9.751948356628418,-7.555337429046631,-0.4698905348777771,-0.7604432106018066,0.9274185299873352,0.3970656096935272,20.06,20.06
2025-05-20T16:55:45.357645,9.751948356628418,-7.555337429046631,-0.4698905348777771,-0.7604432106018066,0.9274185299873352,0.3970656096935272,19.94,19.94
2025-05-20T16:55:45.407857,9.751948356628418,-7.555337429046631,-0.4698905348777771,-0.7604432106018066,0.9274185299873352,0.3970656096935272,19.91,19.91
2025-05-20T16:55:45.462441,9.751948356628418,-7.555337429046631,-0.4698905348777771,-0.7604432106018066,0.9274185299873352,0.3970656096935272,18.33,18.33
2025-05-20T16:55:45.516935,8.197212219238281,-5.943173408508301,-0.5584250092506409,-0.18481792509555817,0.21384553611278534,0.27496325969696045,18.34,18.34
2025-05-20T16:55:45.557570,8.197212219238281,-5.943173408508301,-0.5584250092506409,-0.18481792509555817,0.21384553611278534,0.27496325969696045,24.61,24.61
2025-05-20T16:55:45.607105,8.197212219238281,-5.943173408508301,-0.5584250092506409,-0.18481792509555817,0.21384553611278534,0.27496325969696045,20.19,20.19
2025-05-20T16:55:45.657264,8.197212219238281,-5.943173408508301,-0.5584250092506409,-0.18481792509555817,0.21384553611278534,0.27496325969696045,19.94,19.94
2025-05-20T16:55:45.707376,6.946962356567383,-4.78594446182251,1.9663020372390747,0.5861444473266602,-0.9981233477592468,-0.6728277802467346,19.96,19.96
2025-05-20T16:55:45.757345,6.946962356567383,-4.78594446182251,1.9663020372390747,0.5861444473266602,-0.9981233477592468,-0.6728277802467346,20.01,20.01
2025-05-20T16:55:45.807952,6.946962356567383,-4.78594446182251,1.9663020372390747,0.5861444473266602,-0.9981233477592468,-0.6728277802467346,19.76,19.76
2025-05-20T16:55:45.857270,6.946962356567383,-4.78594446182251,1.9663020372390747,0.5861444473266602,-0.9981233477592468,-0.6728277802467346,20.27,20.27
2025-05-20T16:55:45.907483,7.135995388031006,-7.270292282104492,0.6415755748748779,0.5463314056396484,-1.1061112880706787,-1.2500509023666382,19.92,19.92
2025-05-20T16:55:45.957815,7.135995388031006,-7.270292282104492,0.6415755748748779,0.5463314056396484,-1.1061112880706787,-1.2500509023666382,19.87,19.87
2025-05-20T16:55:46.007823,7.135995388031006,-7.270292282104492,0.6415755748748779,0.5463314056396484,-1.1061112880706787,-1.2500509023666382,20.00,20.00
2025-05-20T16:55:46.058083,7.135995388031006,-7.270292282104492,0.6415755748748779,0.5463314056396484,-1.1061112880706787,-1.2500509023666382,19.89,19.89
2025-05-20T16:55:46.107471,7.179365158081055,-7.356434345245361,0.08584251254796982,0.5118444561958313,-0.4788222312927246,-0.08588441461324692,20.25,20.25
2025-05-20T16:55:46.157317,7.179365158081055,-7.356434345245361,0.08584251254796982,0.5118444561958313,-0.4788222312927246,-0.08588441461324692,20.07,20.07
2025-05-20T16:55:46.207636,7.179365158081055,-7.356434345245361,0.08584251254796982,0.5118444561958313,-0.4788222312927246,-0.08588441461324692,19.87,19.87
2025-05-20T16:55:46.257676,7.179365158081055,-7.356434345245361,0.08584251254796982,0.5118444561958313,-0.4788222312927246,-0.08588441461324692,19.99,19.99
2025-05-20T16:55:46.307386,5.660521030426025,-5.7634124755859375,0.27756741642951965,0.13634982705116272,0.305056095123291,0.7832126021385193,20.11,20.11
2025-05-20T16:55:46.357930,5.660521030426025,-5.7634124755859375,0.27756741642951965,0.13634982705116272,0.305056095123291,0.7832126021385193,19.79,19.79
2025-05-20T16:55:46.407704,5.660521030426025,-5.7634124755859375,0.27756741642951965,0.13634982705116272,0.305056095123291,0.7832126021385193,20.09,20.09
2025-05-20T16:55:46.457151,5.660521030426025,-5.7634124755859375,0.27756741642951965,0.13634982705116272,0.305056095123291,0.7832126021385193,20.22,20.22
2025-05-20T16:55:46.507086,6.990033149719238,-5.528616905212402,-0.8772686123847961,-0.6081148982048035,0.7718944549560547,0.4287562966346741,20.02,20.02
2025-05-20T16:55:46.557454,6.990033149719238,-5.528616905212402,-0.8772686123847961,-0.6081148982048035,0.7718944549560547,0.4287562966346741,19.85,19.85
2025-05-20T16:55:46.607622,6.990033149719238,-5.528616905212402,-0.8772686123847961,-0.6081148982048035,0.7718944549560547,0.4287562966346741,19.93,19.93
2025-05-20T16:55:46.657498,6.990033149719238,-5.528616905212402,-0.8772686123847961,-0.6081148982048035,0.7718944549560547,0.4287562966346741,20.05,20.05
2025-05-20T16:55:46.707147,11.138888359069824,-9.090632438659668,-0.16809579730033875,-0.7215622067451477,0.983343243598938,0.5572500228881836,20.14,20.14
2025-05-20T16:55:46.757537,11.138888359069824,-9.090632438659668,-0.16809579730033875,-0.7215622067451477,0.983343243598938,0.5572500228881836,19.85,19.85
2025-05-20T16:55:46.807910,11.138888359069824,-9.090632438659668,-0.16809579730033875,-0.7215622067451477,0.983343243598938,0.5572500228881836,19.85,19.85
2025-05-20T16:55:46.857845,11.138888359069824,-9.090632438659668,-0.16809579730033875,-0.7215622067451477,0.983343243598938,0.5572500228881836,20.03,20.03
2025-05-20T16:55:46.907537,8.71226692199707,-5.296213626861572,0.32542386651039124,0.1395455300807953,0.172700896859169,0.21570968627929688,20.12,20.12
2025-05-20T16:55:46.958107,8.71226692199707,-5.296213626861572,0.32542386651039124,0.1395455300807953,0.172700896859169,0.21570968627929688,19.77,19.77
2025-05-20T16:55:47.007794,8.71226692199707,-5.296213626861572,0.32542386651039124,0.1395455300807953,0.172700896859169,0.21570968627929688,20.12,20.12
2025-05-20T16:55:47.057650,8.71226692199707,-5.296213626861572,0.32542386651039124,0.1395455300807953,0.172700896859169,0.21570968627929688,20.06,20.06
2025-05-20T16:55:47.107178,7.167401313781738,-4.78594446182251,0.8859425783157349,0.7117088437080383,-0.9841421842575073,-1.1682943105697632,20.20,20.20
2025-05-20T16:55:47.157658,7.167401313781738,-4.78594446182251,0.8859425783157349,0.7117088437080383,-0.9841421842575073,-1.1682943105697632,19.80,19.80
2025-05-20T16:55:47.207502,7.167401313781738,-4.78594446182251,0.8859425783157349,0.7117088437080383,-0.9841421842575073,-1.1682943105697632,20.06,20.06
2025-05-20T16:55:47.257658,7.167401313781738,-4.78594446182251,0.8859425783157349,0.7117088437080383,-0.9841421842575073,-1.1682943105697632,19.94,19.94
2025-05-20T16:55:47.307343,7.759026527404785,-7.380362510681152,0.5315057039260864,0.8421998620033264,-0.9866721034049988,-1.267361044883728,20.12,20.12
2025-05-20T16:55:47.357747,7.759026527404785,-7.380362510681152,0.5315057039260864,0.8421998620033264,-0.9866721034049988,-1.267361044883728,19.84,19.84
2025-05-20T16:55:47.407780,7.759026527404785,-7.380362510681152,0.5315057039260864,0.8421998620033264,-0.9866721034049988,-1.267361044883728,19.99,19.99
2025-05-20T16:55:47.457800,7.759026527404785,-7.380362510681152,0.5315057039260864,0.8421998620033264,-0.9866721034049988,-1.267361044883728,20.00,20.00
2025-05-20T16:55:47.507262,7.998608112335205,-6.922735214233398,0.06191428750753403,0.624492883682251,-0.3483312129974365,0.26724034547805786,20.20,20.20
2025-05-20T16:55:47.557480,7.998608112335205,-6.922735214233398,0.06191428750753403,0.624492883682251,-0.3483312129974365,0.26724034547805786,19.92,19.92
2025-05-20T16:55:47.607748,7.998608112335205,-6.922735214233398,0.06191428750753403,0.624492883682251,-0.3483312129974365,0.26724034547805786,19.89,19.89
2025-05-20T16:55:47.661986,7.998608112335205,-6.922735214233398,0.06191428750753403,0.624492883682251,-0.3483312129974365,0.26724034547805786,18.44,18.44
2025-05-20T16:55:47.720125,6.6113691329956055,-4.83888578414917,-0.5225326418876648,-0.3726983964443207,0.6449986100196838,1.039001703262329,17.20,17.20
2025-05-20T16:55:47.757158,6.6113691329956055,-4.83888578414917,-0.5225326418876648,-0.3726983964443207,0.6449986100196838,1.039001703262329,27.01,27.01
2025-05-20T16:55:47.807311,6.6113691329956055,-4.83888578414917,-0.5225326418876648,-0.3726983964443207,0.6449986100196838,1.039001703262329,19.94,19.94
2025-05-20T16:55:47.857490,6.6113691329956055,-4.83888578414917,-0.5225326418876648,-0.3726983964443207,0.6449986100196838,1.039001703262329,19.93,19.93
2025-05-20T16:55:47.907682,12.878171920776367,-2.311466693878174,-0.6592226624488831,-0.9544488191604614,1.2017159461975098,0.24793298542499542,19.92,19.92
2025-05-20T16:55:47.957557,12.878171920776367,-2.311466693878174,-0.6592226624488831,-0.9544488191604614,1.2017159461975098,0.24793298542499542,20.05,20.05
2025-05-20T16:55:48.007614,12.878171920776367,-2.311466693878174,-0.6592226624488831,-0.9544488191604614,1.2017159461975098,0.24793298542499542,19.98,19.98
2025-05-20T16:55:48.057210,12.878171920776367,-2.311466693878174,-0.6592226624488831,-0.9544488191604614,1.2017159461975098,0.24793298542499542,20.16,20.16
2025-05-20T16:55:48.107470,13.567902565002441,-4.747659206390381,4.939085006713867,-1.2701572179794312,1.4905272722244263,-1.6931878328323364,19.89,19.89
2025-05-20T16:55:48.157389,13.567902565002441,-4.747659206390381,4.939085006713867,-1.2701572179794312,1.4905272722244263,-1.6931878328323364,20.04,20.04
2025-05-20T16:55:48.207892,13.567902565002441,-4.747659206390381,4.939085006713867,-1.2701572179794312,1.4905272722244263,-1.6931878328323364,19.81,19.81
2025-05-20T16:55:48.257292,13.567902565002441,-4.747659206390381,4.939085006713867,-1.2701572179794312,1.4905272722244263,-1.6931878328323364,20.23,20.23
2025-05-20T16:55:48.307592,7.090531826019287,-2.2301106452941895,6.4579291343688965,1.0204932689666748,2.3475072383880615,-2.2107579708099365,19.88,19.88
2025-05-20T16:55:48.357603,7.090531826019287,-2.2301106452941895,6.4579291343688965,1.0204932689666748,2.3475072383880615,-2.2107579708099365,20.00,20.00
2025-05-20T16:55:48.407548,7.090531826019287,-2.2301106452941895,6.4579291343688965,1.0204932689666748,2.3475072383880615,-2.2107579708099365,20.02,20.02
2025-05-20T16:55:48.457451,7.090531826019287,-2.2301106452941895,6.4579291343688965,1.0204932689666748,2.3475072383880615,-2.2107579708099365,20.04,20.04
2025-05-20T16:55:48.507538,2.7212376594543457,1.2816556692123413,3.487539052963257,1.3842703104019165,3.1255269050598145,-0.3707011044025421,19.97,19.97
2025-05-20T16:55:48.558022,2.7212376594543457,1.2816556692123413,3.487539052963257,1.3842703104019165,3.1255269050598145,-0.3707011044025421,19.81,19.81
2025-05-20T16:55:48.607824,2.7212376594543457,1.2816556692123413,3.487539052963257,1.3842703104019165,3.1255269050598145,-0.3707011044025421,20.08,20.08
2025-05-20T16:55:48.657473,2.7212376594543457,1.2816556692123413,3.487539052963257,1.3842703104019165,3.1255269050598145,-0.3707011044025421,20.14,20.14
2025-05-20T16:55:48.707537,1.6217355728149414,2.373979091644287,8.707182884216309,-0.0185084231197834,1.1314105987548828,0.7814815640449524,19.97,19.97
2025-05-20T16:55:48.757400,1.6217355728149414,2.373979091644287,8.707182884216309,-0.0185084231197834,1.1314105987548828,0.7814815640449524,20.06,20.06
2025-05-20T16:55:48.807498,1.6217355728149414,2.373979091644287,8.707182884216309,-0.0185084231197834,1.1314105987548828,0.7814815640449524,19.96,19.96
2025-05-20T16:55:48.857371,1.6217355728149414,2.373979091644287,8.707182884216309,-0.0185084231197834,1.1314105987548828,0.7814815640449524,20.05,20.05
2025-05-20T16:55:48.907598,0.009571290574967861,0.34995031356811523,11.370992660522461,-1.4722851514816284,0.8014547228813171,0.40718531608581543,19.91,19.91
2025-05-20T16:55:48.957307,0.009571290574967861,0.34995031356811523,11.370992660522461,-1.4722851514816284,0.8014547228813171,0.40718531608581543,20.13,20.13
2025-05-20T16:55:49.006946,0.009571290574967861,0.34995031356811523,11.370992660522461,-1.4722851514816284,0.8014547228813171,0.40718531608581543,20.13,20.13
2025-05-20T16:55:49.058081,0.009571290574967861,0.34995031356811523,11.370992660522461,-1.4722851514816284,0.8014547228813171,0.40718531608581543,19.58,19.58
2025-05-20T16:55:49.107744,1.6432709693908691,-1.4850455522537231,9.492925643920898,-0.5806851387023926,0.19746756553649902,0.14314068853855133,20.11,20.11
2025-05-20T16:55:49.157825,1.6432709693908691,-1.4850455522537231,9.492925643920898,-0.5806851387023926,0.19746756553649902,0.14314068853855133,19.98,19.98
2025-05-20T16:55:49.207768,1.6432709693908691,-1.4850455522537231,9.492925643920898,-0.5806851387023926,0.19746756553649902,0.14314068853855133,20.01,20.01
2025-05-20T16:55:49.257645,1.6432709693908691,-1.4850455522537231,9.492925643920898,-0.5806851387023926,0.19746756553649902,0.14314068853855133,20.05,20.05
2025-05-20T16:55:49.306946,0.649053156375885,0.20847466588020325,7.976474285125732,0.19986434280872345,0.22103585302829742,-0.15885287523269653,20.28,20.28