timestamp,ax,ay,az,gx,gy,gz,accel_freq,gyro_freq
2025-05-20T16:24:21.681291,2.950350284576416,1.6037893295288086,9.151350021362305,0.000305432389723137,-0.003359756199643016,-0.0009162971982732415,19.15,19.15
2025-05-20T16:24:21.729194,2.950350284576416,1.6037893295288086,9.151350021362305,-0.014508038759231567,0.030085090547800064,0.006719512399286032,20.88,20.88
2025-05-20T16:24:21.779176,2.7589244842529297,1.6468602418899536,8.5100736618042,-0.014508038759231567,0.030085090547800064,0.006719512399286032,20.00,20.00
2025-05-20T16:24:21.829154,2.7589244842529297,1.6468602418899536,8.5100736618042,-0.014508038759231567,0.030085090547800064,0.006719512399286032,20.01,20.01
2025-05-20T16:24:21.879173,2.7589244842529297,1.6468602418899536,8.5100736618042,-0.014508038759231567,0.030085090547800064,0.006719512399286032,19.99,19.99
2025-05-20T16:24:21.929240,2.7589244842529297,1.6468602418899536,8.5100736618042,-0.033139415085315704,0.11239911615848541,-0.07070759683847427,19.98,19.98
2025-05-20T16:24:21.979252,4.089334011077881,2.211566209793091,9.926624298095703,-0.033139415085315704,0.11239911615848541,-0.07070759683847427,19.99,19.99
2025-05-20T16:24:22.029230,4.089334011077881,2.211566209793091,9.926624298095703,-0.033139415085315704,0.11239911615848541,-0.07070759683847427,20.01,20.01
2025-05-20T16:24:22.079252,4.089334011077881,2.211566209793091,9.926624298095703,-0.033139415085315704,0.11239911615848541,-0.07070759683847427,19.99,19.99
2025-05-20T16:24:22.129415,4.089334011077881,2.211566209793091,9.926624298095703,0.1467602699995041,0.3814850449562073,-0.2707658112049103,19.94,19.94
2025-05-20T16:24:22.179182,3.500699520111084,2.0057835578918457,7.945367813110352,0.1467602699995041,0.3814850449562073,-0.2707658112049103,20.09,20.09
2025-05-20T16:24:22.229239,3.500699520111084,2.0057835578918457,7.945367813110352,0.1467602699995041,0.3814850449562073,-0.2707658112049103,19.98,19.98
2025-05-20T16:24:22.279400,3.500699520111084,2.0057835578918457,7.945367813110352,0.1467602699995041,0.3814850449562073,-0.2707658112049103,19.94,19.94
2025-05-20T16:24:22.329173,3.500699520111084,2.0057835578918457,7.945367813110352,-0.49250972270965576,-0.43111783266067505,-0.5580250024795532,20.09,20.09
2025-05-20T16:24:22.379288,0.7680960893630981,1.316650629043579,9.017352104187012,-0.49250972270965576,-0.43111783266067505,-0.5580250024795532,19.95,19.95
2025-05-20T16:24:22.430541,0.7680960893630981,1.316650629043579,9.017352104187012,-0.49250972270965576,-0.43111783266067505,-0.5580250024795532,19.51,19.51
2025-05-20T16:24:22.480377,0.7680960893630981,1.316650629043579,9.017352104187012,-0.49250972270965576,-0.43111783266067505,-0.5580250024795532,20.06,20.06
2025-05-20T16:24:22.530141,0.7680960893630981,1.316650629043579,9.017352104187012,-0.49250972270965576,-0.43111783266067505,-0.5580250024795532,20.10,20.10
2025-05-20T16:24:22.579340,1.7252250909805298,1.3692927360534668,8.438288688659668,-0.41554075479507446,-0.6282744407653809,-0.22999058663845062,20.33,20.33
2025-05-20T16:24:22.630489,1.7252250909805298,1.3692927360534668,8.438288688659668,-0.41554075479507446,-0.6282744407653809,-0.22999058663845062,19.55,19.55
2025-05-20T16:24:22.679878,1.7252250909805298,1.3692927360534668,8.438288688659668,-0.41554075479507446,-0.6282744407653809,-0.22999058663845062,20.24,20.24
2025-05-20T16:24:22.730726,1.7252250909805298,1.3692927360534668,8.438288688659668,-0.41554075479507446,-0.6282744407653809,-0.22999058663845062,19.68,19.68
2025-05-20T16:24:22.779514,4.41475772857666,-5.139184951782227,1.3651052713394165,-0.7735075354576111,-0.6843212842941284,0.20861032605171204,20.48,20.48
2025-05-20T16:24:22.829412,4.41475772857666,-5.139184951782227,1.3651052713394165,-0.7735075354576111,-0.6843212842941284,0.20861032605171204,20.04,20.04
2025-05-20T16:24:22.880823,4.41475772857666,-5.139184951782227,1.3651052713394165,-0.7735075354576111,-0.6843212842941284,0.20861032605171204,19.46,19.46
2025-05-20T16:24:22.929713,4.41475772857666,-5.139184951782227,1.3651052713394165,-0.7735075354576111,-0.6843212842941284,0.20861032605171204,20.45,20.45
2025-05-20T16:24:22.979436,14.507683753967285,-16.00738525390625,4.906482696533203,-2.981478214263916,-3.7461283206939697,2.140164852142334,20.11,20.11
2025-05-20T16:24:23.030852,14.507683753967285,-16.00738525390625,4.906482696533203,-2.981478214263916,-3.7461283206939697,2.140164852142334,19.47,19.47
2025-05-20T16:24:23.080994,14.507683753967285,-16.00738525390625,4.906482696533203,-2.981478214263916,-3.7461283206939697,2.140164852142334,19.93,19.93
2025-05-20T16:24:23.131328,14.507683753967285,-16.00738525390625,4.906482696533203,-2.981478214263916,-3.7461283206939697,2.140164852142334,19.87,19.87
2025-05-20T16:24:23.181189,6.932007312774658,-6.876374244689941,-0.8937192559242249,-0.45188722014427185,-1.3687952756881714,1.2257001399993896,20.05,20.05
2025-05-20T16:24:23.229532,6.932007312774658,-6.876374244689941,-0.8937192559242249,-0.45188722014427185,-1.3687952756881714,1.2257001399993896,20.69,20.69
2025-05-20T16:24:23.279594,6.932007312774658,-6.876374244689941,-0.8937192559242249,-0.45188722014427185,-1.3687952756881714,1.2257001399993896,19.98,19.98
2025-05-20T16:24:23.329947,6.932007312774658,-6.876374244689941,-0.8937192559242249,-0.45188722014427185,-1.3687952756881714,1.2257001399993896,19.85,19.85
2025-05-20T16:24:23.379340,4.926821708679199,-7.3884382247924805,-0.8793623447418213,0.2741255760192871,-0.38789913058280945,0.15241076052188873,20.24,20.24
2025-05-20T16:24:23.429492,4.926821708679199,-7.3884382247924805,-0.8793623447418213,0.2741255760192871,-0.38789913058280945,0.15241076052188873,19.94,19.94
2025-05-20T16:24:23.480738,4.926821708679199,-7.3884382247924805,-0.8793623447418213,0.2741255760192871,-0.38789913058280945,0.15241076052188873,19.52,19.52
2025-05-20T16:24:23.529894,4.926821708679199,-7.3884382247924805,-0.8793623447418213,0.2741255760192871,-0.38789913058280945,0.15241076052188873,20.35,20.35
2025-05-20T16:24:23.579401,3.170490026473999,-7.996214866638184,-1.5397813320159912,0.2741255760192871,-0.38789913058280945,0.15241076052188873,20.19,20.19
2025-05-20T16:24:23.630043,3.170490026473999,-7.996214866638184,-1.5397813320159912,0.2162461280822754,-0.017715077847242355,-0.24205516278743744,19.75,19.75
2025-05-20T16:24:23.681115,3.170490026473999,-7.996214866638184,-1.5397813320159912,0.2162461280822754,-0.017715077847242355,-0.24205516278743744,19.58,19.58
2025-05-20T16:24:23.730484,3.170490026473999,-7.996214866638184,-1.5397813320159912,0.2162461280822754,-0.017715077847242355,-0.24205516278743744,20.26,20.26
2025-05-20T16:24:23.779358,3.7782669067382812,-8.11107063293457,-1.1282159090042114,0.2162461280822754,-0.017715077847242355,-0.24205516278743744,20.46,20.46
2025-05-20T16:24:23.829888,3.7782669067382812,-8.11107063293457,-1.1282159090042114,0.06337722390890121,-0.0665842592716217,-0.25503605604171753,19.79,19.79
2025-05-20T16:24:23.880923,3.7782669067382812,-8.11107063293457,-1.1282159090042114,0.06337722390890121,-0.0665842592716217,-0.25503605604171753,19.60,19.60
2025-05-20T16:24:23.930376,3.7782669067382812,-8.11107063293457,-1.1282159090042114,0.06337722390890121,-0.0665842592716217,-0.25503605604171753,20.23,20.23
2025-05-20T16:24:23.980753,5.2283172607421875,-8.355138778686523,-0.5443671345710754,0.06337722390890121,-0.0665842592716217,-0.25503605604171753,19.84,19.84
2025-05-20T16:24:24.029286,5.2283172607421875,-8.355138778686523,-0.5443671345710754,-0.02214384824037552,0.13271036744117737,-0.08826996386051178,20.61,20.61
2025-05-20T16:24:24.080034,5.2283172607421875,-8.355138778686523,-0.5443671345710754,-0.02214384824037552,0.13271036744117737,-0.08826996386051178,19.71,19.71
2025-05-20T16:24:24.130019,5.2283172607421875,-8.355138778686523,-0.5443671345710754,-0.02214384824037552,0.13271036744117737,-0.08826996386051178,20.01,20.01
2025-05-20T16:24:24.179524,4.5822553634643555,-6.4217376708984375,-1.262213945388794,-0.02214384824037552,0.13271036744117737,-0.08826996386051178,20.19,20.19
2025-05-20T16:24:24.229280,4.5822553634643555,-6.4217376708984375,-1.262213945388794,-0.06704241037368774,0.05543597787618637,-0.17684535682201385,20.10,20.10
2025-05-20T16:24:24.280729,4.5822553634643555,-6.4217376708984375,-1.262213945388794,-0.06704241037368774,0.05543597787618637,-0.17684535682201385,19.44,19.44
2025-05-20T16:24:24.329323,4.5822553634643555,-6.4217376708984375,-1.262213945388794,-0.06704241037368774,0.05543597787618637,-0.17684535682201385,20.57,20.57
2025-05-20T16:24:24.379463,4.917250633239746,-6.900302410125732,0.4175475537776947,-0.06704241037368774,0.05543597787618637,-0.17684535682201385,19.94,19.94
2025-05-20T16:24:24.430048,4.917250633239746,-6.900302410125732,0.4175475537776947,-0.06704241037368774,0.05543597787618637,-0.17684535682201385,19.78,19.78
2025-05-20T16:24:24.479902,4.917250633239746,-6.900302410125732,0.4175475537776947,-0.17043127119541168,0.8778126835823059,-0.4555523991584778,20.05,20.05
2025-05-20T16:24:24.529367,4.917250633239746,-6.900302410125732,0.4175475537776947,-0.17043127119541168,0.8778126835823059,-0.4555523991584778,20.21,20.21
2025-05-20T16:24:24.579813,7.204789161682129,-9.843474388122559,0.15912270545959473,-0.17043127119541168,0.8778126835823059,-0.4555523991584778,19.82,19.82
2025-05-20T16:24:24.629481,7.204789161682129,-9.843474388122559,0.15912270545959473,-0.17043127119541168,0.8778126835823059,-0.4555523991584778,20.14,20.14
2025-05-20T16:24:24.679367,7.204789161682129,-9.843474388122559,0.15912270545959473,0.08017600327730179,0.8608611822128296,-0.606436014175415,20.04,20.04
2025-05-20T16:24:24.729660,7.204789161682129,-9.843474388122559,0.15912270545959473,0.08017600327730179,0.8608611822128296,-0.606436014175415,19.89,19.89
2025-05-20T16:24:24.780165,6.735795974731445,-7.9866437911987305,2.8773691654205322,0.08017600327730179,0.8608611822128296,-0.606436014175415,19.79,19.79
2025-05-20T16:24:24.830677,6.735795974731445,-7.9866437911987305,2.8773691654205322,0.08017600327730179,0.8608611822128296,-0.606436014175415,19.80,19.80
2025-05-20T16:24:24.881093,6.735795974731445,-7.9866437911987305,2.8773691654205322,-1.0264055728912354,1.4790563583374023,-0.7736602425575256,19.84,19.84
2025-05-20T16:24:24.929452,6.735795974731445,-7.9866437911987305,2.8773691654205322,-1.0264055728912354,1.4790563583374023,-0.7736602425575256,20.68,20.68
2025-05-20T16:24:24.979786,7.10429048538208,-5.928816318511963,2.1164517402648926,-1.0264055728912354,1.4790563583374023,-0.7736602425575256,19.87,19.87
2025-05-20T16:24:25.030767,7.10429048538208,-5.928816318511963,2.1164517402648926,-1.0264055728912354,1.4790563583374023,-0.7736602425575256,19.62,19.62
2025-05-20T16:24:25.080633,7.10429048538208,-5.928816318511963,2.1164517402648926,0.34147340059280396,-0.3480401933193207,0.3176496922969818,20.05,20.05
2025-05-20T16:24:25.129504,7.10429048538208,-5.928816318511963,2.1164517402648926,0.34147340059280396,-0.3480401933193207,0.3176496922969818,20.47,20.47
2025-05-20T16:24:25.181733,8.420342445373535,-5.364109992980957,1.7048860788345337,0.34147340059280396,-0.3480401933193207,0.3176496922969818,19.14,19.14
2025-05-20T16:24:25.230832,8.420342445373535,-5.364109992980957,1.7048860788345337,0.34147340059280396,-0.3480401933193207,0.3176496922969818,20.38,20.38
2025-05-20T16:24:25.286594,8.420342445373535,-5.364109992980957,1.7048860788345337,0.23228132724761963,-0.9172134399414062,0.3530798554420471,17.93,17.93
2025-05-20T16:24:25.330425,8.420342445373535,-5.364109992980957,1.7048860788345337,0.23228132724761963,-0.9172134399414062,0.3530798554420471,22.82,22.82
2025-05-20T16:24:25.381396,7.0995049476623535,-5.8953166007995605,0.8147560954093933,0.23228132724761963,-0.9172134399414062,0.3530798554420471,19.61,19.61
2025-05-20T16:24:25.429912,7.0995049476623535,-5.8953166007995605,0.8147560954093933,0.23228132724761963,-0.9172134399414062,0.3530798554420471,20.62,20.62
2025-05-20T16:24:25.479490,7.0995049476623535,-5.8953166007995605,0.8147560954093933,0.23228132724761963,-0.9172134399414062,0.3530798554420471,20.17,20.17
2025-05-20T16:24:25.530884,7.0995049476623535,-5.8953166007995605,0.8147560954093933,0.06246092543005943,-0.01740964688360691,0.15210533142089844,19.45,19.45
2025-05-20T16:24:25.579352,7.267002582550049,-7.187440872192383,1.7575281858444214,0.06246092543005943,-0.01740964688360691,0.15210533142089844,20.63,20.63
2025-05-20T16:24:25.631267,7.267002582550049,-7.187440872192383,1.7575281858444214,0.06246092543005943,-0.01740964688360691,0.15210533142089844,19.26,19.26
2025-05-20T16:24:25.680075,7.267002582550049,-7.187440872192383,1.7575281858444214,0.06246092543005943,-0.01740964688360691,0.15210533142089844,20.50,20.50
2025-05-20T16:24:25.729334,7.267002582550049,-7.187440872192383,1.7575281858444214,-0.4335612654685974,-0.49984011054039,0.4615083336830139,20.29,20.29
2025-05-20T16:24:25.779419,7.755138397216797,-9.800403594970703,0.8482556343078613,-0.4335612654685974,-0.49984011054039,0.4615083336830139,19.97,19.97
2025-05-20T16:24:25.830468,7.755138397216797,-9.800403594970703,0.8482556343078613,-0.4335612654685974,-0.49984011054039,0.4615083336830139,19.59,19.59
2025-05-20T16:24:25.880771,7.755138397216797,-9.800403594970703,0.8482556343078613,-0.4335612654685974,-0.49984011054039,0.4615083336830139,19.88,19.88
2025-05-20T16:24:25.929559,7.755138397216797,-9.800403594970703,0.8482556343078613,0.12996147572994232,-0.0256563201546669,0.19883649051189423,20.50,20.50
2025-05-20T16:24:25.981671,6.6113691329956055,-9.360123634338379,-2.410768747329712,0.12996147572994232,-0.0256563201546669,0.19883649051189423,19.19,19.19
2025-05-20T16:24:26.030666,6.6113691329956055,-9.360123634338379,-2.410768747329712,0.12996147572994232,-0.0256563201546669,0.19883649051189423,20.41,20.41
2025-05-20T16:24:26.079491,6.6113691329956055,-9.360123634338379,-2.410768747329712,0.12996147572994232,-0.0256563201546669,0.19883649051189423,20.49,20.49
2025-05-20T16:24:26.129382,6.6113691329956055,-9.360123634338379,-2.410768747329712,0.40149086713790894,0.07819069176912308,-0.11911863088607788,20.04,20.04
2025-05-20T16:24:26.181987,5.190032482147217,-6.326025009155273,0.29790642857551575,0.40149086713790894,0.07819069176912308,-0.11911863088607788,19.01,19.01
2025-05-20T16:24:26.230479,5.190032482147217,-6.326025009155273,0.29790642857551575,0.40149086713790894,0.07819069176912308,-0.11911863088607788,20.63,20.63
2025-05-20T16:24:26.279319,5.190032482147217,-6.326025009155273,0.29790642857551575,0.40149086713790894,0.07819069176912308,-0.11911863088607788,20.47,20.47
2025-05-20T16:24:26.333498,5.190032482147217,-6.326025009155273,0.29790642857551575,0.044898562133312225,-0.06475166976451874,-0.2438877671957016,18.46,18.46
2025-05-20T16:24:26.379964,4.567898273468018,-6.086742401123047,0.714257538318634,0.044898562133312225,-0.06475166976451874,-0.2438877671957016,21.52,21.52
2025-05-20T16:24:26.429584,4.567898273468018,-6.086742401123047,0.714257538318634,0.044898562133312225,-0.06475166976451874,-0.2438877671957016,20.15,20.15
2025-05-20T16:24:26.479663,4.567898273468018,-6.086742401123047,0.714257538318634,0.044898562133312225,-0.06475166976451874,-0.2438877671957016,19.97,19.97
2025-05-20T16:24:26.530201,4.567898273468018,-6.086742401123047,0.714257538318634,0.044898562133312225,-0.06475166976451874,-0.2438877671957016,19.79,19.79
2025-05-20T16:24:26.580783,5.86002254486084,-8.94377326965332,-2.0853450298309326,0.758083164691925,-1.5772528648376465,0.1519526094198227,19.77,19.77
2025-05-20T16:24:26.629239,5.86002254486084,-8.94377326965332,-2.0853450298309326,0.758083164691925,-1.5772528648376465,0.1519526094198227,20.63,20.63
2025-05-20T16:24:26.679454,5.86002254486084,-8.94377326965332,-2.0853450298309326,0.758083164691925,-1.5772528648376465,0.1519526094198227,19.91,19.91
2025-05-20T16:24:26.730243,5.86002254486084,-8.94377326965332,-2.0853450298309326,0.758083164691925,-1.5772528648376465,0.1519526094198227,19.69,19.69
2025-05-20T16:24:26.779128,4.35254430770874,-6.570092678070068,-1.8604196310043335,0.17806708812713623,-0.07788526266813278,0.2808450758457184,20.45,20.45
2025-05-20T16:24:26.829574,4.35254430770874,-6.570092678070068,-1.8604196310043335,0.17806708812713623,-0.07788526266813278,0.2808450758457184,19.83,19.83
2025-05-20T16:24:26.879381,4.35254430770874,-6.570092678070068,-1.8604196310043335,0.17806708812713623,-0.07788526266813278,0.2808450758457184,20.08,20.08
2025-05-20T16:24:26.930659,4.35254430770874,-6.570092678070068,-1.8604196310043335,0.17806708812713623,-0.07788526266813278,0.2808450758457184,19.50,19.50
2025-05-20T16:24:26.979471,4.338187217712402,-5.632106304168701,-0.02751746028661728,-0.3656025826931,0.6826413869857788,0.0204639695584774,20.48,20.48
2025-05-20T16:24:27.029925,4.338187217712402,-5.632106304168701,-0.02751746028661728,-0.3656025826931,0.6826413869857788,0.0204639695584774,19.82,19.82
2025-05-20T16:24:27.079317,4.878965377807617,-6.694519519805908,0.04426721855998039,-0.3656025826931,0.6826413869857788,0.0204639695584774,20.24,20.24
2025-05-20T16:24:27.129563,4.878965377807617,-6.694519519805908,0.04426721855998039,-0.3656025826931,0.6826413869857788,0.0204639695584774,19.90,19.90
2025-05-20T16:24:27.179485,5.548955917358398,-8.766703605651855,-0.17108681797981262,-0.14981459081172943,-0.6591231226921082,0.37369653582572937,20.03,20.03
2025-05-20T16:24:27.229430,5.548955917358398,-8.766703605651855,-0.17108681797981262,-0.14981459081172943,-0.6591231226921082,0.37369653582572937,20.02,20.02
2025-05-20T16:24:27.279556,6.893722057342529,-9.374481201171875,-0.061016976833343506,-0.14981459081172943,-0.6591231226921082,0.37369653582572937,19.95,19.95
2025-05-20T16:24:27.330337,6.893722057342529,-9.374481201171875,-0.061016976833343506,-0.14981459081172943,-0.6591231226921082,0.37369653582572937,19.70,19.70
2025-05-20T16:24:27.380018,6.716653347015381,-9.594620704650879,-2.1092731952667236,0.04841103404760361,-0.12247838824987411,-0.1853974610567093,20.13,20.13
2025-05-20T16:24:27.429821,6.716653347015381,-9.594620704650879,-2.1092731952667236,0.04841103404760361,-0.12247838824987411,-0.1853974610567093,20.08,20.08
2025-05-20T16:24:27.479622,7.037291526794434,-9.675976753234863,-1.994417667388916,0.04841103404760361,-0.12247838824987411,-0.1853974610567093,20.09,20.09
2025-05-20T16:24:27.530098,7.037291526794434,-9.675976753234863,-1.994417667388916,0.04841103404760361,-0.12247838824987411,-0.1853974610567093,19.81,19.81
2025-05-20T16:24:27.580028,7.037291526794434,-9.675976753234863,-1.994417667388916,0.04841103404760361,-0.12247838824987411,-0.1853974610567093,20.03,20.03
2025-05-20T16:24:27.631743,7.037291526794434,-9.675976753234863,-1.994417667388916,0.3631591200828552,0.3217730224132538,-0.6600393652915955,19.34,19.34
2025-05-20T16:24:27.679469,5.61116886138916,-8.503493309020996,-0.6640082597732544,0.3631591200828552,0.3217730224132538,-0.6600393652915955,20.95,20.95
2025-05-20T16:24:27.730422,5.61116886138916,-8.503493309020996,-0.6640082597732544,0.3631591200828552,0.3217730224132538,-0.6600393652915955,19.63,19.63
2025-05-20T16:24:27.780228,5.61116886138916,-8.503493309020996,-0.6640082597732544,0.3631591200828552,0.3217730224132538,-0.6600393652915955,20.08,20.08
2025-05-20T16:24:27.831010,5.61116886138916,-8.503493309020996,-0.6640082597732544,-0.11957678198814392,-0.1744018942117691,-0.295811265707016,19.70,19.70
2025-05-20T16:24:27.879438,7.3292155265808105,-5.818746566772461,0.48454657196998596,-0.11957678198814392,-0.1744018942117691,-0.295811265707016,20.64,20.64
2025-05-20T16:24:27.930809,7.3292155265808105,-5.818746566772461,0.48454657196998596,-0.11957678198814392,-0.1744018942117691,-0.295811265707016,19.46,19.46
2025-05-20T16:24:27.979658,6.888936519622803,-6.129813194274902,-0.8267202377319336,-0.11957678198814392,-0.1744018942117691,-0.295811265707016,20.47,20.47
2025-05-20T16:24:28.029799,6.888936519622803,-6.129813194274902,-0.8267202377319336,0.054214250296354294,0.14752385020256042,0.09361502528190613,19.94,19.94
2025-05-20T16:24:28.079437,6.888936519622803,-6.129813194274902,-0.8267202377319336,0.054214250296354294,0.14752385020256042,0.09361502528190613,20.15,20.15
2025-05-20T16:24:28.131310,6.888936519622803,-6.129813194274902,-0.8267202377319336,0.054214250296354294,0.14752385020256042,0.09361502528190613,19.28,19.28
2025-05-20T16:24:28.180187,5.065605640411377,-7.283154010772705,-0.7214360237121582,0.054214250296354294,0.14752385020256042,0.09361502528190613,20.46,20.46
2025-05-20T16:24:28.229628,5.065605640411377,-7.283154010772705,-0.7214360237121582,-0.010079269297420979,0.37262752652168274,0.467006117105484,20.23,20.23
2025-05-20T16:24:28.280264,5.065605640411377,-7.283154010772705,-0.7214360237121582,-0.010079269297420979,0.37262752652168274,0.467006117105484,19.75,19.75
2025-05-20T16:24:28.330015,5.065605640411377,-7.283154010772705,-0.7214360237121582,-0.010079269297420979,0.37262752652168274,0.467006117105484,20.10,20.10
2025-05-20T16:24:28.380533,5.730810165405273,-8.211568832397461,-0.7932206988334656,-0.010079269297420979,0.37262752652168274,0.467006117105484,19.78,19.78
2025-05-20T16:24:28.429786,5.730810165405273,-8.211568832397461,-0.7932206988334656,-0.125074565410614,-0.2779434621334076,0.9637919068336487,20.31,20.31
2025-05-20T16:24:28.479383,5.730810165405273,-8.211568832397461,-0.7932206988334656,-0.125074565410614,-0.2779434621334076,0.9637919068336487,20.16,20.16
2025-05-20T16:24:28.529890,5.730810165405273,-8.211568832397461,-0.7932206988334656,-0.125074565410614,-0.2779434621334076,0.9637919068336487,19.82,19.82
2025-05-20T16:24:28.579369,4.945964336395264,-8.331210136413574,-1.0516455173492432,-0.125074565410614,-0.2779434621334076,0.9637919068336487,20.19,20.19
2025-05-20T16:24:28.630005,4.945964336395264,-8.331210136413574,-1.0516455173492432,-0.125074565410614,-0.2779434621334076,0.9637919068336487,19.78,19.78
2025-05-20T16:24:28.679803,4.945964336395264,-8.331210136413574,-1.0516455173492432,-0.1308777779340744,-0.7411317229270935,0.5094612240791321,20.05,20.05
2025-05-20T16:24:28.729447,4.945964336395264,-8.331210136413574,-1.0516455173492432,-0.1308777779340744,-0.7411317229270935,0.5094612240791321,20.15,20.15
2025-05-20T16:24:28.779445,6.056233882904053,-12.341581344604492,-1.7407784461975098,-0.1308777779340744,-0.7411317229270935,0.5094612240791321,20.00,20.00
2025-05-20T16:24:28.829290,6.056233882904053,-12.341581344604492,-1.7407784461975098,-0.1308777779340744,-0.7411317229270935,0.5094612240791321,20.06,20.06
2025-05-20T16:24:28.879964,6.056233882904053,-12.341581344604492,-1.7407784461975098,0.2309068888425827,-0.906828761100769,-0.2828303873538971,19.74,19.74
2025-05-20T16:24:28.929737,6.056233882904053,-12.341581344604492,-1.7407784461975098,0.2309068888425827,-0.906828761100769,-0.2828303873538971,20.08,20.08
2025-05-20T16:24:28.979523,3.9601213932037354,-10.546963691711426,-2.0757737159729004,0.2309068888425827,-0.906828761100769,-0.2828303873538971,20.08,20.08
2025-05-20T16:24:29.030355,3.3332018852233887,-9.589835166931152,-1.908276081085205,0.2309068888425827,-0.906828761100769,-0.2828303873538971,19.68,19.68
2025-05-20T16:24:29.079733,3.3332018852233887,-9.589835166931152,-1.908276081085205,0.003359756199643016,0.6316341757774353,-0.4883863925933838,20.26,20.26
2025-05-20T16:24:29.129460,3.3332018852233887,-9.589835166931152,-1.908276081085205,0.003359756199643016,0.6316341757774353,-0.4883863925933838,20.10,20.10
2025-05-20T16:24:29.179803,4.070191383361816,-7.4602227210998535,-0.898504912853241,0.003359756199643016,0.6316341757774353,-0.4883863925933838,19.87,19.87
2025-05-20T16:24:29.229550,4.070191383361816,-7.4602227210998535,-0.898504912853241,0.003359756199643016,0.6316341757774353,-0.4883863925933838,20.09,20.09
2025-05-20T16:24:29.279279,4.070191383361816,-7.4602227210998535,-0.898504912853241,0.06963858753442764,0.5445859432220459,-0.314748078584671,20.11,20.11
2025-05-20T16:24:29.329340,4.070191383361816,-7.4602227210998535,-0.898504912853241,0.06963858753442764,0.5445859432220459,-0.314748078584671,19.98,19.98
2025-05-20T16:24:29.379750,3.9074792861938477,-6.450451850891113,-0.8554341197013855,0.06963858753442764,0.5445859432220459,-0.314748078584671,19.84,19.84
2025-05-20T16:24:29.429606,3.9074792861938477,-6.450451850891113,-0.8554341197013855,0.06963858753442764,0.5445859432220459,-0.314748078584671,20.06,20.06
2025-05-20T16:24:29.479142,3.9074792861938477,-6.450451850891113,-0.8554341197013855,-0.3724747896194458,0.3075704276561737,-0.3474293351173401,20.18,20.18
2025-05-20T16:24:29.529863,3.9074792861938477,-6.450451850891113,-0.8554341197013855,-0.3724747896194458,0.3075704276561737,-0.3474293351173401,19.74,19.74
2025-05-20T16:24:29.579895,6.0370917320251465,-6.905087947845459,1.1497513055801392,-0.3724747896194458,0.3075704276561737,-0.3474293351173401,19.96,19.96
2025-05-20T16:24:29.630497,6.0370917320251465,-6.905087947845459,1.1497513055801392,-0.3724747896194458,0.3075704276561737,-0.3474293351173401,19.78,19.78
2025-05-20T16:24:29.679514,6.0370917320251465,-6.905087947845459,1.1497513055801392,-0.3724747896194458,0.3075704276561737,-0.3474293351173401,20.39,20.39
2025-05-20T16:24:29.729850,6.0370917320251465,-6.905087947845459,1.1497513055801392,0.05894844979047775,-0.2834412455558777,-0.38179048895835876,19.87,19.87
2025-05-20T16:24:29.779326,6.017949104309082,-7.3884382247924805,-0.9990034699440002,0.05894844979047775,-0.2834412455558777,-0.38179048895835876,20.20,20.20
2025-05-20T16:24:29.829442,6.017949104309082,-7.3884382247924805,-0.9990034699440002,0.05894844979047775,-0.2834412455558777,-0.38179048895835876,19.96,19.96
2025-05-20T16:24:29.879794,7.128218650817871,-7.158727169036865,-0.8410771489143372,0.05894844979047775,-0.2834412455558777,-0.38179048895835876,19.86,19.86
2025-05-20T16:24:29.929681,7.128218650817871,-7.158727169036865,-0.8410771489143372,0.4831940531730652,-0.20967933535575867,-0.1331685185432434,20.05,20.05
2025-05-20T16:24:29.979372,6.180660724639893,-8.197212219238281,-0.50129634141922,0.4831940531730652,-0.20967933535575867,-0.1331685185432434,20.11,20.11
2025-05-20T16:24:30.029831,6.180660724639893,-8.197212219238281,-0.50129634141922,0.4831940531730652,-0.20967933535575867,-0.1331685185432434,19.83,19.83
2025-05-20T16:24:30.079534,5.424529075622559,-7.541578769683838,-0.8267202377319336,0.4831940531730652,-0.20967933535575867,-0.1331685185432434,20.10,20.10
2025-05-20T16:24:30.129384,5.424529075622559,-7.541578769683838,-0.8267202377319336,0.06475166976451874,-0.04810560122132301,-0.3006981909275055,20.06,20.06
2025-05-20T16:24:30.180159,6.238088607788086,-7.220940589904785,-0.49172505736351013,0.06475166976451874,-0.04810560122132301,-0.3006981909275055,19.70,19.70
2025-05-20T16:24:30.229843,6.238088607788086,-7.220940589904785,-0.49172505736351013,0.06475166976451874,-0.04810560122132301,-0.3006981909275055,20.12,20.12
2025-05-20T16:24:30.279541,5.78345251083374,-7.091728210449219,-0.9032905697822571,0.06475166976451874,-0.04810560122132301,-0.3006981909275055,20.13,20.13
2025-05-20T16:24:30.329343,5.78345251083374,-7.091728210449219,-0.9032905697822571,-0.14217877388000488,0.12003492563962936,0.2107483446598053,20.07,20.07
2025-05-20T16:24:30.379477,5.730810165405273,-6.043671607971191,0.005982056725770235,-0.14217877388000488,0.12003492563962936,0.2107483446598053,19.95,19.95
2025-05-20T16:24:30.429628,5.730810165405273,-6.043671607971191,0.005982056725770235,-0.14217877388000488,0.12003492563962936,0.2107483446598053,19.95,19.95
2025-05-20T16:24:30.480270,5.563312530517578,-5.081757068634033,-0.6640082597732544,-0.14217877388000488,0.12003492563962936,0.2107483446598053,19.74,19.74
2025-05-20T16:24:30.529319,5.563312530517578,-5.081757068634033,-0.6640082597732544,0.05299251899123192,-0.0668896958231926,0.4526508152484894,20.38,20.38
2025-05-20T16:24:30.579534,5.563312530517578,-5.081757068634033,-0.6640082597732544,0.05299251899123192,-0.0668896958231926,0.4526508152484894,19.92,19.92
2025-05-20T16:24:30.629439,5.563312530517578,-5.081757068634033,-0.6640082597732544,0.05299251899123192,-0.0668896958231926,0.4526508152484894,20.04,20.04
2025-05-20T16:24:30.679176,6.2668023109436035,-6.919445037841797,0.03469592705368996,0.05299251899123192,-0.0668896958231926,0.4526508152484894,20.10,20.10
2025-05-20T16:24:30.729522,6.2668023109436035,-6.919445037841797,0.03469592705368996,0.05299251899123192,-0.0668896958231926,0.4526508152484894,19.88,19.88
2025-05-20T16:24:30.779700,6.2668023109436035,-6.919445037841797,0.03469592705368996,-0.5331322550773621,0.49831295013427734,-0.25045454502105713,19.91,19.91
2025-05-20T16:24:30.829298,6.2668023109436035,-6.919445037841797,0.03469592705368996,-0.5331322550773621,0.49831295013427734,-0.25045454502105713,20.16,20.16
2025-05-20T16:24:30.879212,6.831508636474609,-7.910073280334473,-1.089930772781372,-0.5331322550773621,0.49831295013427734,-0.25045454502105713,20.03,20.03
2025-05-20T16:24:30.929268,6.831508636474609,-7.910073280334473,-1.089930772781372,-0.5331322550773621,0.49831295013427734,-0.25045454502105713,19.98,19.98
2025-05-20T16:24:30.982800,7.989634990692139,-9.240483283996582,-0.8027920126914978,0.1727220118045807,-0.1931859850883484,-0.4534143805503845,18.68,18.68
2025-05-20T16:24:31.030022,7.989634990692139,-9.240483283996582,-0.8027920126914978,0.1727220118045807,-0.1931859850883484,-0.4534143805503845,21.19,21.19
2025-05-20T16:24:31.079387,7.989634990692139,-9.240483283996582,-0.8027920126914978,0.1727220118045807,-0.1931859850883484,-0.4534143805503845,20.25,20.25
2025-05-20T16:24:31.129791,7.989634990692139,-9.240483283996582,-0.8027920126914978,0.1727220118045807,-0.1931859850883484,-0.4534143805503845,19.85,19.85
2025-05-20T16:24:31.179903,6.759724140167236,-7.034300327301025,0.13998012244701385,-0.029932374134659767,0.005650499369949102,-0.3920224606990814,19.94,19.94
2025-05-20T16:24:31.229436,6.759724140167236,-7.034300327301025,0.13998012244701385,-0.029932374134659767,0.005650499369949102,-0.3920224606990814,20.19,20.19
2025-05-20T16:24:31.280301,6.759724140167236,-7.034300327301025,0.13998012244701385,-0.029932374134659767,0.005650499369949102,-0.3920224606990814,19.66,19.66
2025-05-20T16:24:31.329551,6.759724140167236,-7.034300327301025,0.13998012244701385,-0.029932374134659767,0.005650499369949102,-0.3920224606990814,20.30,20.30
2025-05-20T16:24:31.379599,7.994420528411865,-6.225526332855225,-0.2476571500301361,-0.11423171311616898,0.1130099818110466,0.23197589814662933,19.98,19.98
2025-05-20T16:24:31.429460,7.994420528411865,-6.225526332855225,-0.2476571500301361,-0.11423171311616898,0.1130099818110466,0.23197589814662933,20.08,20.08
2025-05-20T16:24:31.480155,7.994420528411865,-6.225526332855225,-0.2476571500301361,-0.11423171311616898,0.1130099818110466,0.23197589814662933,19.72,19.72
2025-05-20T16:24:31.529582,7.994420528411865,-6.225526332855225,-0.2476571500301361,-0.11423171311616898,0.1130099818110466,0.23197589814662933,20.23,20.23
2025-05-20T16:24:31.580816,7.759923934936523,-5.837889194488525,0.015553346835076809,-0.06887500733137131,0.006719512399286032,0.2750418782234192,19.52,19.52
2025-05-20T16:24:31.629981,7.759923934936523,-5.837889194488525,0.015553346835076809,-0.06887500733137131,0.006719512399286032,0.2750418782234192,20.33,20.33
2025-05-20T16:24:31.679429,7.759923934936523,-5.837889194488525,0.015553346835076809,-0.06887500733137131,0.006719512399286032,0.2750418782234192,20.22,20.22
2025-05-20T16:24:31.729688,7.759923934936523,-5.837889194488525,0.015553346835076809,-0.06887500733137131,0.006719512399286032,0.2750418782234192,19.91,19.91
2025-05-20T16:24:31.781243,7.271788120269775,-6.14417028427124,-0.3481557071208954,-0.06887500733137131,0.006719512399286032,0.2750418782234192,19.39,19.39
2025-05-20T16:24:31.829461,7.271788120269775,-6.14417028427124,-0.3481557071208954,0.09178243577480316,0.2254091054201126,-0.1003345400094986,20.74,20.74
2025-05-20T16:24:31.879674,7.271788120269775,-6.14417028427124,-0.3481557071208954,0.09178243577480316,0.2254091054201126,-0.1003345400094986,19.91,19.91
2025-05-20T16:24:31.929375,7.271788120269775,-6.14417028427124,-0.3481557071208954,0.09178243577480316,0.2254091054201126,-0.1003345400094986,20.12,20.12
2025-05-20T16:24:31.980943,7.793423175811768,-6.249454498291016,0.37447673082351685,0.09178243577480316,0.2254091054201126,-0.1003345400094986,19.39,19.39
2025-05-20T16:24:32.029316,7.793423175811768,-6.249454498291016,0.37447673082351685,-0.06001746281981468,0.07086031138896942,0.18173226714134216,20.67,20.67
2025-05-20T16:24:32.079629,7.793423175811768,-6.249454498291016,0.37447673082351685,-0.06001746281981468,0.07086031138896942,0.18173226714134216,19.87,19.87
2025-05-20T16:24:32.130368,7.793423175811768,-6.249454498291016,0.37447673082351685,-0.06001746281981468,0.07086031138896942,0.18173226714134216,19.71,19.71
2025-05-20T16:24:32.179314,7.769495010375977,-6.244668960571289,0.04426721855998039,-0.06001746281981468,0.07086031138896942,0.18173226714134216,20.43,20.43
2025-05-20T16:24:32.229493,7.769495010375977,-6.244668960571289,0.04426721855998039,0.006566796451807022,0.1663079410791397,0.29474225640296936,19.93,19.93
2025-05-20T16:24:32.279689,7.769495010375977,-6.244668960571289,0.04426721855998039,0.006566796451807022,0.1663079410791397,0.29474225640296936,19.92,19.92
2025-05-20T16:24:32.332581,7.769495010375977,-6.244668960571289,0.04426721855998039,0.006566796451807022,0.1663079410791397,0.29474225640296936,18.91,18.91
2025-05-20T16:24:32.379255,8.492127418518066,-7.689933776855469,0.21655045449733734,0.006566796451807022,0.1663079410791397,0.29474225640296936,21.43,21.43
2025-05-20T16:24:32.429256,8.492127418518066,-7.689933776855469,0.21655045449733734,0.3289506733417511,-1.1136064529418945,0.13775001466274261,19.99,19.99
2025-05-20T16:24:32.479272,8.492127418518066,-7.689933776855469,0.21655045449733734,0.3289506733417511,-1.1136064529418945,0.13775001466274261,20.00,20.00
2025-05-20T16:24:32.530512,8.492127418518066,-7.689933776855469,0.21655045449733734,0.3289506733417511,-1.1136064529418945,0.13775001466274261,19.52,19.52
2025-05-20T16:24:32.579509,7.812565803527832,-9.613762855529785,-0.5970092415809631,0.3289506733417511,-1.1136064529418945,0.13775001466274261,20.41,20.41
2025-05-20T16:24:32.629171,7.812565803527832,-9.613762855529785,-0.5970092415809631,0.6317868828773499,-0.3520108163356781,-0.572685718536377,20.14,20.14
2025-05-20T16:24:32.680513,7.812565803527832,-9.613762855529785,-0.5970092415809631,0.6317868828773499,-0.3520108163356781,-0.572685718536377,19.48,19.48
2025-05-20T16:24:32.729392,7.812565803527832,-9.613762855529785,-0.5970092415809631,0.6317868828773499,-0.3520108163356781,-0.572685718536377,20.46,20.46
2025-05-20T16:24:32.779524,5.6685967445373535,-7.316653251647949,-0.5587241053581238,0.6317868828773499,-0.3520108163356781,-0.572685718536377,19.95,19.95
2025-05-20T16:24:32.829281,5.6685967445373535,-7.316653251647949,-0.5587241053581238,0.6317868828773499,-0.3520108163356781,-0.572685718536377,20.10,20.10
2025-05-20T16:24:32.879693,5.6685967445373535,-7.316653251647949,-0.5587241053581238,0.29856017231941223,0.31932955980300903,-0.3162752389907837,19.84,19.84
2025-05-20T16:24:32.930438,5.6685967445373535,-7.316653251647949,-0.5587241053581238,0.29856017231941223,0.31932955980300903,-0.3162752389907837,19.72,19.72
2025-05-20T16:24:32.979251,5.400600910186768,-5.397609710693359,0.1256231814622879,0.29856017231941223,0.31932955980300903,-0.3162752389907837,20.48,20.48
2025-05-20T16:24:33.029723,5.400600910186768,-5.397609710693359,0.1256231814622879,0.29856017231941223,0.31932955980300903,-0.3162752389907837,19.82,19.82
2025-05-20T16:24:33.079561,5.400600910186768,-5.397609710693359,0.1256231814622879,-0.1127045527100563,-0.11178825795650482,0.1565341055393219,20.06,20.06
2025-05-20T16:24:33.130108,5.400600910186768,-5.397609710693359,0.1256231814622879,-0.1127045527100563,-0.11178825795650482,0.1565341055393219,19.80,19.80
2025-05-20T16:24:33.179265,6.156732559204102,-5.7134623527526855,0.11126625537872314,-0.1127045527100563,-0.11178825795650482,0.1565341055393219,20.33,20.33
2025-05-20T16:24:33.230663,6.156732559204102,-5.7134623527526855,0.11126625537872314,-0.1127045527100563,-0.11178825795650482,0.1565341055393219,19.47,19.47
2025-05-20T16:24:33.279401,6.156732559204102,-5.7134623527526855,0.11126625537872314,-0.09865466505289078,-0.053756099194288254,0.04841103404760361,20.50,20.50
2025-05-20T16:24:33.331389,6.156732559204102,-5.7134623527526855,0.11126625537872314,-0.09865466505289078,-0.053756099194288254,0.04841103404760361,19.24,19.24
2025-05-20T16:24:33.379617,7.080362319946289,-7.110870838165283,0.47976094484329224,-0.09865466505289078,-0.053756099194288254,0.04841103404760361,20.73,20.73
2025-05-20T16:24:33.430506,7.080362319946289,-7.110870838165283,0.47976094484329224,-0.09865466505289078,-0.053756099194288254,0.04841103404760361,19.65,19.65
2025-05-20T16:24:33.479643,7.080362319946289,-7.110870838165283,0.47976094484329224,-0.06276635825634003,-0.15241076052188873,0.14859285950660706,20.35,20.35
2025-05-20T16:24:33.529456,7.080362319946289,-7.110870838165283,0.47976094484329224,-0.06276635825634003,-0.15241076052188873,0.14859285950660706,20.07,20.07
2025-05-20T16:24:33.579360,6.7692952156066895,-6.775875568389893,-0.5587241053581238,-0.06276635825634003,-0.15241076052188873,0.14859285950660706,20.04,20.04
2025-05-20T16:24:33.629444,6.7692952156066895,-6.775875568389893,-0.5587241053581238,-0.06276635825634003,-0.15241076052188873,0.14859285950660706,19.97,19.97
2025-05-20T16:24:33.680064,6.7692952156066895,-6.775875568389893,-0.5587241053581238,-0.1893680840730667,0.23915356397628784,-0.07147117704153061,19.76,19.76
2025-05-20T16:24:33.729817,6.7692952156066895,-6.775875568389893,-0.5587241053581238,-0.1893680840730667,0.23915356397628784,-0.07147117704153061,20.10,20.10
2025-05-20T16:24:33.779425,5.898307800292969,-6.292525291442871,0.18783657252788544,-0.1893680840730667,0.23915356397628784,-0.07147117704153061,20.16,20.16
2025-05-20T16:24:33.829342,5.898307800292969,-6.292525291442871,0.18783657252788544,-0.1893680840730667,0.23915356397628784,-0.07147117704153061,20.03,20.03
2025-05-20T16:24:33.879958,5.898307800292969,-6.292525291442871,0.18783657252788544,-0.1893680840730667,0.23915356397628784,-0.07147117704153061,19.76,19.76
2025-05-20T16:24:33.929388,5.898307800292969,-6.292525291442871,0.18783657252788544,0.04321868345141411,0.05024362727999687,0.15149445831775665,20.23,20.23
2025-05-20T16:24:33.979244,5.458028316497803,-5.2492547035217285,-0.28115665912628174,0.04321868345141411,0.05024362727999687,0.15149445831775665,20.05,20.05
2025-05-20T16:24:34.029520,5.458028316497803,-5.2492547035217285,-0.28115665912628174,0.04321868345141411,0.05024362727999687,0.15149445831775665,19.89,19.89
2025-05-20T16:24:34.079389,5.458028316497803,-5.2492547035217285,-0.28115665912628174,0.04321868345141411,0.05024362727999687,0.15149445831775665,20.06,20.06
2025-05-20T16:24:34.130667,5.458028316497803,-5.2492547035217285,-0.28115665912628174,0.26740604639053345,-0.41492989659309387,0.31719154119491577,19.50,19.50
2025-05-20T16:24:34.179249,6.285944938659668,-7.541578769683838,-0.2715853750705719,0.26740604639053345,-0.41492989659309387,0.31719154119491577,20.58,20.58
2025-05-20T16:24:34.231050,6.285944938659668,-7.541578769683838,-0.2715853750705719,0.26740604639053345,-0.41492989659309387,0.31719154119491577,19.32,19.32
2025-05-20T16:24:34.280150,6.285944938659668,-7.541578769683838,-0.2715853750705719,0.26740604639053345,-0.41492989659309387,0.31719154119491577,20.39,20.39
2025-05-20T16:24:34.329427,6.285944938659668,-7.541578769683838,-0.2715853750705719,-0.022754713892936707,-0.15302163362503052,-0.023518294095993042,20.26,20.26
2025-05-20T16:24:34.379363,7.3914289474487305,-8.986844062805176,-0.592223584651947,-0.022754713892936707,-0.15302163362503052,-0.023518294095993042,20.03,20.03
2025-05-20T16:24:34.430592,7.3914289474487305,-8.986844062805176,-0.592223584651947,-0.022754713892936707,-0.15302163362503052,-0.023518294095993042,19.52,19.52
2025-05-20T16:24:34.480121,7.3914289474487305,-8.986844062805176,-0.592223584651947,-0.022754713892936707,-0.15302163362503052,-0.023518294095993042,20.19,20.19
2025-05-20T16:24:34.529780,7.3914289474487305,-8.986844062805176,-0.592223584651947,-0.2490801066160202,0.05635227635502815,-0.3627009689807892,20.14,20.14
2025-05-20T16:24:34.579277,7.692924976348877,-8.316853523254395,-0.7836494445800781,-0.2490801066160202,0.05635227635502815,-0.3627009689807892,20.20,20.20
2025-05-20T16:24:34.629930,7.692924976348877,-8.316853523254395,-0.7836494445800781,-0.2490801066160202,0.05635227635502815,-0.3627009689807892,19.74,19.74
2025-05-20T16:24:34.679860,7.692924976348877,-8.316853523254395,-0.7836494445800781,-0.2490801066160202,0.05635227635502815,-0.3627009689807892,20.03,20.03
2025-05-20T16:24:34.729169,7.692924976348877,-8.316853523254395,-0.7836494445800781,-0.4367683231830597,0.6826413869857788,-0.5667297840118408,20.28,20.28
2025-05-20T16:24:34.779263,6.491727828979492,-5.636891841888428,-0.6879364848136902,-0.4367683231830597,0.6826413869857788,-0.5667297840118408,19.96,19.96
2025-05-20T16:24:34.829273,6.491727828979492,-5.636891841888428,-0.6879364848136902,-0.4367683231830597,0.6826413869857788,-0.5667297840118408,20.00,20.00
2025-05-20T16:24:34.879318,6.491727828979492,-5.636891841888428,-0.6879364848136902,-0.4367683231830597,0.6826413869857788,-0.5667297840118408,19.99,19.99
2025-05-20T16:24:34.930579,6.491727828979492,-5.636891841888428,-0.6879364848136902,-0.4367683231830597,0.6826413869857788,-0.5667297840118408,19.50,19.50
2025-05-20T16:24:34.979404,7.893921852111816,-6.522236347198486,0.776470959186554,-0.48013970255851746,0.6411026120185852,0.3165806829929352,20.48,20.48
2025-05-20T16:24:35.029855,7.893921852111816,-6.522236347198486,0.776470959186554,-0.48013970255851746,0.6411026120185852,0.3165806829929352,19.82,19.82
2025-05-20T16:24:35.079758,7.893921852111816,-6.522236347198486,0.776470959186554,-0.48013970255851746,0.6411026120185852,0.3165806829929352,20.04,20.04
2025-05-20T16:24:35.134085,8.066205024719238,-5.612963676452637,0.039481572806835175,-0.48013970255851746,0.6411026120185852,0.3165806829929352,18.41,18.41
2025-05-20T16:24:35.179303,7.0995049476623535,-6.249454498291016,-0.2763710021972656,-0.08903354406356812,-0.005803215317428112,0.14599667489528656,22.11,22.11
2025-05-20T16:24:35.229439,7.0995049476623535,-6.249454498291016,-0.2763710021972656,-0.08903354406356812,-0.005803215317428112,0.14599667489528656,19.95,19.95
2025-05-20T16:24:35.279412,7.0995049476623535,-6.249454498291016,-0.2763710021972656,-0.08903354406356812,-0.005803215317428112,0.14599667489528656,20.01,20.01
2025-05-20T16:24:35.329361,7.0995049476623535,-6.249454498291016,-0.2763710021972656,-0.08903354406356812,-0.005803215317428112,0.14599667489528656,20.02,20.02
2025-05-20T16:24:35.379213,7.152146816253662,-6.158527374267578,0.06819544732570648,-0.16294817626476288,-0.08857539296150208,-0.11636973917484283,20.05,20.05
2025-05-20T16:24:35.429879,7.152146816253662,-6.158527374267578,0.06819544732570648,-0.16294817626476288,-0.08857539296150208,-0.11636973917484283,19.74,19.74
2025-05-20T16:24:35.479316,7.152146816253662,-6.158527374267578,0.06819544732570648,-0.16294817626476288,-0.08857539296150208,-0.11636973917484283,20.23,20.23
2025-05-20T16:24:35.530689,7.152146816253662,-6.158527374267578,0.06819544732570648,-0.16294817626476288,-0.08857539296150208,-0.11636973917484283,19.47,19.47
2025-05-20T16:24:35.579316,6.788437843322754,-6.101099491119385,-0.39601215720176697,-0.08231402933597565,0.03191768378019333,0.08674279600381851,20.56,20.56
2025-05-20T16:24:35.629801,6.788437843322754,-6.101099491119385,-0.39601215720176697,-0.08231402933597565,0.03191768378019333,0.08674279600381851,19.81,19.81
2025-05-20T16:24:35.681137,6.788437843322754,-6.101099491119385,-0.39601215720176697,-0.08231402933597565,0.03191768378019333,0.08674279600381851,19.48,19.48
2025-05-20T16:24:35.731370,6.788437843322754,-6.101099491119385,-0.39601215720176697,-0.08231402933597565,0.03191768378019333,0.08674279600381851,19.92,19.92
2025-05-20T16:24:35.779409,6.6113691329956055,-6.546164512634277,-0.13280165195465088,0.10735948383808136,-0.21746785938739777,0.4401280879974365,20.80,20.80
2025-05-20T16:24:35.829687,6.6113691329956055,-6.546164512634277,-0.13280165195465088,0.10735948383808136,-0.21746785938739777,0.4401280879974365,19.89,19.89
2025-05-20T16:24:35.879631,6.6113691329956055,-6.546164512634277,-0.13280165195465088,0.10735948383808136,-0.21746785938739777,0.4401280879974365,20.03,20.03
2025-05-20T16:24:35.929810,6.6113691329956055,-6.546164512634277,-0.13280165195465088,0.10735948383808136,-0.21746785938739777,0.4401280879974365,19.93,19.93
2025-05-20T16:24:35.982477,8.300702095031738,-8.948558807373047,-0.6687939167022705,0.10735948383808136,-0.21746785938739777,0.4401280879974365,18.99,18.99
2025-05-20T16:24:36.029389,8.300702095031738,-8.948558807373047,-0.6687939167022705,0.5030471682548523,-0.6609556674957275,0.5946768522262573,21.32,21.32
2025-05-20T16:24:36.079314,8.300702095031738,-8.948558807373047,-0.6687939167022705,0.5030471682548523,-0.6609556674957275,0.5946768522262573,20.03,20.03
2025-05-20T16:24:36.129384,8.300702095031738,-8.948558807373047,-0.6687939167022705,0.5030471682548523,-0.6609556674957275,0.5946768522262573,19.97,19.97
2025-05-20T16:24:36.179181,6.285944938659668,-10.05404281616211,-0.13280165195465088,0.5030471682548523,-0.6609556674957275,0.5946768522262573,20.08,20.08
2025-05-20T16:24:36.229166,6.285944938659668,-10.05404281616211,-0.13280165195465088,0.5936078429222107,-1.0062470436096191,-0.43401941657066345,20.01,20.01
2025-05-20T16:24:36.279811,6.285944938659668,-10.05404281616211,-0.13280165195465088,0.5936078429222107,-1.0062470436096191,-0.43401941657066345,19.75,19.75
2025-05-20T16:24:36.329811,6.285944938659668,-10.05404281616211,-0.13280165195465088,0.5936078429222107,-1.0062470436096191,-0.43401941657066345,20.00,20.00
2025-05-20T16:24:36.379341,5.1182475090026855,-7.895716667175293,-0.6305087804794312,0.5936078429222107,-1.0062470436096191,-0.43401941657066345,20.19,20.19
2025-05-20T16:24:36.429222,5.1182475090026855,-7.895716667175293,-0.6305087804794312,0.16752967238426208,0.3906480371952057,-0.1282816082239151,20.05,20.05
2025-05-20T16:24:36.480103,5.1182475090026855,-7.895716667175293,-0.6305087804794312,0.16752967238426208,0.3906480371952057,-0.1282816082239151,19.66,19.66
2025-05-20T16:24:36.531340,5.1182475090026855,-7.895716667175293,-0.6305087804794312,0.16752967238426208,0.3906480371952057,-0.1282816082239151,19.52,19.52
2025-05-20T16:24:36.579267,5.017749309539795,-5.943173408508301,-0.4582255482673645,0.16752967238426208,0.3906480371952057,-0.1282816082239151,20.86,20.86
2025-05-20T16:24:36.629493,5.017749309539795,-5.943173408508301,-0.4582255482673645,0.01435532234609127,-0.01802051067352295,-0.17867794632911682,19.91,19.91
2025-05-20T16:24:36.680293,5.017749309539795,-5.943173408508301,-0.4582255482673645,0.01435532234609127,-0.01802051067352295,-0.17867794632911682,19.70,19.70
2025-05-20T16:24:36.729309,5.017749309539795,-5.943173408508301,-0.4582255482673645,0.01435532234609127,-0.01802051067352295,-0.17867794632911682,20.38,20.38
2025-05-20T16:24:36.779866,5.955735683441162,-6.68016242980957,0.537188708782196,0.01435532234609127,-0.01802051067352295,-0.17867794632911682,19.79,19.79
2025-05-20T16:24:36.829401,5.955735683441162,-6.68016242980957,0.537188708782196,-0.2075413018465042,-0.01435532234609127,-0.38820457458496094,20.18,20.18
2025-05-20T16:24:36.879641,5.955735683441162,-6.68016242980957,0.537188708782196,-0.2075413018465042,-0.01435532234609127,-0.38820457458496094,19.91,19.91
2025-05-20T16:24:36.929902,5.955735683441162,-6.68016242980957,0.537188708782196,-0.2075413018465042,-0.01435532234609127,-0.38820457458496094,19.91,19.91
2025-05-20T16:24:36.979588,6.190232276916504,-7.187440872192383,0.03469592705368996,-0.2075413018465042,-0.01435532234609127,-0.38820457458496094,20.12,20.12
2025-05-20T16:24:37.029948,6.190232276916504,-7.187440872192383,0.03469592705368996,-0.2075413018465042,-0.01435532234609127,-0.38820457458496094,19.86,19.86
2025-05-20T16:24:37.080005,6.190232276916504,-7.187440872192383,0.03469592705368996,-0.34895649552345276,0.47555822134017944,-0.360868364572525,19.97,19.97
2025-05-20T16:24:37.129808,6.190232276916504,-7.187440872192383,0.03469592705368996,-0.34895649552345276,0.47555822134017944,-0.360868364572525,20.09,20.09
2025-05-20T16:24:37.179517,5.376672267913818,-6.192026615142822,-0.2763710021972656,-0.34895649552345276,0.47555822134017944,-0.360868364572525,20.12,20.12
2025-05-20T16:24:37.230177,5.376672267913818,-6.192026615142822,-0.2763710021972656,-0.34895649552345276,0.47555822134017944,-0.360868364572525,19.74,19.74
2025-05-20T16:24:37.280560,5.376672267913818,-6.192026615142822,-0.2763710021972656,-0.07742711156606674,0.22266021370887756,0.18173226714134216,19.84,19.84
2025-05-20T16:24:37.329663,5.376672267913818,-6.192026615142822,-0.2763710021972656,-0.07742711156606674,0.22266021370887756,0.18173226714134216,20.37,20.37
2025-05-20T16:24:37.379574,5.86002254486084,-5.244469165802002,0.37447673082351685,-0.07742711156606674,0.22266021370887756,0.18173226714134216,20.03,20.03
2025-05-20T16:24:37.429997,5.86002254486084,-5.244469165802002,0.37447673082351685,-0.07742711156606674,0.22266021370887756,0.18173226714134216,19.84,19.84
2025-05-20T16:24:37.479950,5.86002254486084,-5.244469165802002,0.37447673082351685,-0.005345067009329796,-0.03145953640341759,0.435241162776947,20.03,20.03
2025-05-20T16:24:37.529596,5.86002254486084,-5.244469165802002,0.37447673082351685,-0.005345067009329796,-0.03145953640341759,0.435241162776947,20.13,20.13
2025-05-20T16:24:37.580031,7.822137355804443,-7.043871879577637,-0.2715853750705719,-0.005345067009329796,-0.03145953640341759,0.435241162776947,19.83,19.83
2025-05-20T16:24:37.629296,7.822137355804443,-7.043871879577637,-0.2715853750705719,-0.005345067009329796,-0.03145953640341759,0.435241162776947,20.30,20.30
2025-05-20T16:24:37.685348,7.822137355804443,-7.043871879577637,-0.2715853750705719,-0.12263110280036926,-0.25350889563560486,-0.08811724185943604,17.85,17.85
2025-05-20T16:24:37.729417,7.822137355804443,-7.043871879577637,-0.2715853750705719,-0.12263110280036926,-0.25350889563560486,-0.08811724185943604,22.69,22.69
2025-05-20T16:24:37.782043,8.118846893310547,-8.072785377502441,-0.8554341197013855,-0.12263110280036926,-0.25350889563560486,-0.08811724185943604,19.00,19.00
2025-05-20T16:24:37.829416,8.118846893310547,-8.072785377502441,-0.8554341197013855,-0.12263110280036926,-0.25350889563560486,-0.08811724185943604,21.11,21.11
2025-05-20T16:24:37.881763,8.118846893310547,-8.072785377502441,-0.8554341197013855,-0.12263110280036926,-0.25350889563560486,-0.08811724185943604,19.11,19.11
2025-05-20T16:24:37.929333,8.118846893310547,-8.072785377502441,-0.8554341197013855,-0.06673697382211685,-0.09346231073141098,-0.3637699782848358,21.02,21.02
2025-05-20T16:24:37.980874,11.578868865966797,-8.551349639892578,-0.6352944374084473,-0.06673697382211685,-0.09346231073141098,-0.3637699782848358,19.40,19.40
2025-05-20T16:24:38.030185,11.578868865966797,-8.551349639892578,-0.6352944374084473,-0.06673697382211685,-0.09346231073141098,-0.3637699782848358,20.29,20.29
2025-05-20T16:24:38.079390,11.578868865966797,-8.551349639892578,-0.6352944374084473,-0.06673697382211685,-0.09346231073141098,-0.3637699782848358,20.32,20.32
2025-05-20T16:24:38.129621,11.578868865966797,-8.551349639892578,-0.6352944374084473,-0.6097957491874695,1.0739002227783203,-1.197142243385315,19.91,19.91
2025-05-20T16:24:38.181275,10.703095436096191,-3.019144058227539,2.1403799057006836,-0.6097957491874695,1.0739002227783203,-1.197142243385315,19.36,19.36
2025-05-20T16:24:38.229534,10.703095436096191,-3.019144058227539,2.1403799057006836,-0.6097957491874695,1.0739002227783203,-1.197142243385315,20.73,20.73
2025-05-20T16:24:38.283617,9.712467193603516,-2.8803603649139404,8.840283393859863,-0.6097957491874695,1.0739002227783203,-1.197142243385315,18.48,18.48
2025-05-20T16:24:38.329497,9.712467193603516,-2.8803603649139404,8.840283393859863,0.1510363221168518,2.240346670150757,-1.8765766620635986,21.80,21.80
2025-05-20T16:24:38.380524,7.664210796356201,-1.975873351097107,8.060222625732422,0.1510363221168518,2.240346670150757,-1.8765766620635986,19.59,19.59
2025-05-20T16:24:38.429686,7.664210796356201,-1.975873351097107,8.060222625732422,0.1510363221168518,2.240346670150757,-1.8765766620635986,20.35,20.35
2025-05-20T16:24:38.479994,7.664210796356201,-1.975873351097107,8.060222625732422,0.1510363221168518,2.240346670150757,-1.8765766620635986,19.88,19.88
2025-05-20T16:24:38.530050,7.664210796356201,-1.975873351097107,8.060222625732422,1.7405065298080444,2.8202099800109863,-1.0963495969772339,19.97,19.97
2025-05-20T16:24:38.584281,3.352344512939453,1.9770697355270386,6.457031726837158,1.7405065298080444,2.8202099800109863,-1.0963495969772339,18.44,18.44
2025-05-20T16:24:38.630762,3.352344512939453,1.9770697355270386,6.457031726837158,1.7405065298080444,2.8202099800109863,-1.0963495969772339,21.51,21.51
2025-05-20T16:24:38.679592,3.352344512939453,1.9770697355270386,6.457031726837158,1.7405065298080444,2.8202099800109863,-1.0963495969772339,20.48,20.48
2025-05-20T16:24:38.731759,3.352344512939453,1.9770697355270386,6.457031726837158,1.0997092723846436,1.9298745393753052,0.3092502951622009,19.17,19.17
2025-05-20T16:24:38.782370,2.4717857837677,5.197809219360352,5.4951171875,1.0997092723846436,1.9298745393753052,0.3092502951622009,19.76,19.76
2025-05-20T16:24:38.830728,2.4717857837677,5.197809219360352,5.4951171875,1.0997092723846436,1.9298745393753052,0.3092502951622009,20.68,20.68
2025-05-20T16:24:38.880013,2.4717857837677,5.197809219360352,5.4951171875,1.0997092723846436,1.9298745393753052,0.3092502951622009,20.29,20.29
2025-05-20T16:24:38.929674,2.4717857837677,5.197809219360352,5.4951171875,1.0997092723846436,1.9298745393753052,0.3092502951622009,20.14,20.14
2025-05-20T16:24:38.980413,2.218146562576294,6.135795593261719,6.6149582862854,0.3964512348175049,0.23945899307727814,0.4618137776851654,19.70,19.70
2025-05-20T16:24:39.030841,1.4476577043533325,5.757729530334473,7.265805721282959,0.3964512348175049,0.23945899307727814,0.4618137776851654,19.84,19.84
2025-05-20T16:24:39.079175,1.4476577043533325,5.757729530334473,7.265805721282959,0.3964512348175049,0.23945899307727814,0.4618137776851654,20.67,20.67
2025-05-20T16:24:39.130112,1.4476577043533325,5.757729530334473,7.265805721282959,0.3964512348175049,0.23945899307727814,0.4618137776851654,19.64,19.64
2025-05-20T16:24:39.179402,1.6773686408996582,5.475376605987549,8.002795219421387,-0.06643154472112656,0.1536324918270111,0.27488914132118225,20.28,20.28
2025-05-20T16:24:39.229987,1.6773686408996582,5.475376605987549,8.002795219421387,-0.06643154472112656,0.1536324918270111,0.27488914132118225,19.77,19.77